Country,Year,Demand (TWh),Population,GDP(USD),GDP (current US$),Industry (% of GDP),Manufacturing (% of GDP),Foreign direct investment (% of GDP),Energy use (kg of oil equivalent per capita),Electric power consumption (kWh per capita),Access to electricity (% of population),Electric power transmission and distribution losses (% of output),Fossil fuel energy consumption (% of total),Urban population (% of total),"Population, total",Individuals using the Internet (% of population),Mobile cellular subscriptions (per 100 people),PM2.5 air pollution (micrograms per cubic meter)
Brunei Darussalam,2000,2.54,326424,6570999060,6570999060,66.26658255,2.459671565,,7304.934686,7701.639585,100,1.140385372,,71.164,326424,8.99628,28.44941694,7.152370717
Brunei Darussalam,2001,2.58,333345,6096155748,6096155748,62.7475897,2.296414467,0.995621604,6623.009195,7325.743599,100,5.312136487,,71.652,333345,12.9178,41.96767112,7.144199984
Brunei Darussalam,2002,2.71,340099,6333082879,6333082879,63.08118111,2.857530165,3.626542713,6343.405891,7518.399054,100,5.331358756,99.9999073,72.046,340099,15.3299,44.21967231,7.163598698
Brunei Darussalam,2003,3.2,346637,7167725265,7167725265,66.48449806,2.496517805,1.727478476,7226.392451,8715.168894,100,5.327483547,100,72.421,346637,19.595,50.09673912,7.18894519
Brunei Darussalam,2004,3.26,352911,8619178799,8619178799,70.19104535,2.114137439,1.313418245,6507.901426,8755.748617,100,5.330882353,100,72.794,352911,29.7156,56.16529944,7.198617793
Brunei Darussalam,2005,3.26,358916,10547202612,10547202612,73.15300533,1.672249997,1.659857338,6179.468176,8609.256762,100,5.330882353,100,73.163,358916,36.4664,63.5094637,7.17099484
Brunei Darussalam,2006,3.3,364663,12644616446,12644616446,74.92626122,1.226915052,0.694676099,8642.283423,8561.329227,100,5.336567617,100,73.529,364663,42.1863,80.84590459,7.044498108
Brunei Darussalam,2007,3.39,370873,13432029496,13432029496,73.39510643,1.104460839,1.918069921,8701.728085,8709.180771,100,4.860088365,100,73.892,370873,44.68,96.67060948,6.820393116
Brunei Darussalam,2008,3.42,377793,15926456492,15926456492,76.43208179,0.902506028,1.395065811,9377.278033,8626.417112,100,4.791118902,,74.252,377793,46,103.7155978,6.571323808
Brunei Darussalam,2009,3.62,384952,11912904529,11912904529,67.29548108,1.222361333,2.733059994,7904.377689,8816.683638,100,6.035437431,99.99993427,74.608,384952,49,105.7828245,6.369934127
Brunei Darussalam,2010,3.79,392332,13707121031,13707121031,68.65335068,1.249452719,,8259.163158,8727.302387,100,9.70464135,,74.961,392332,53,109.8603214,6.288868017
Brunei Darussalam,2011,3.73,399389,18524791071,18524791071,73.67241439,1.220715855,,9697.024705,8658.225439,100,7.167785235,99.99563633,75.31,399389,56,110.3746893,7.225343252
Brunei Darussalam,2012,3.93,405557,19048443340,19048443340,72.6556143,1.458303967,,9443.915405,9091.200497,100,6.183206107,99.9955353,75.656,405557,60.2731,115.5191155,7.641740714
Brunei Darussalam,2013,4.4,411202,18094148099,18094148099,70.02244393,1.145192419,,7398.20818,9710.555883,100,9.291231259,99.99437899,75.997,411202,64.5,113.8721697,7.810452268
Brunei Darussalam,2014,4.5,416750,17097797372,17097797372,67.84963064,1.586758563,3.356609014,8527.805639,10118.77624,100,6.413670661,99.99518847,76.332,416750,68.77,108.4957375,8.038402569
Brunei Darussalam,2015,4.2,422212,12930296852,12930296852,61.36277769,1.617832473,1.324711797,,,100,,,76.663,422212,71.2,109.9533264,7.76801291
Brunei Darussalam,2016,4.27,427564,11400266055,11400266055,57.28936408,1.809332509,-1.320590472,,,100,,,76.99,427564,90,122.8780218,7.708093727
Brunei Darussalam,2017,4.16,432772,12128168047,12128168047,59.72058921,1.762866167,3.858188215,,,100,,,77.312,432772,94.8667,126.6006005,7.230648954
Brunei Darussalam,2018,4.3,437810,13566908401,13566908401,63.24481837,2.134321499,3.804865525,,,100,,,77.629,437810,95,130.3207192,7.494855877
Brunei Darussalam,2019,4.93,442680,13469235348,13469235348,62.5153214,2.327822565,2.771180083,,,100,,,77.942,442680,95,131.2182683,7.945858113
Brunei Darussalam,2020,5.74,447404,12005799664,12005799664,59.13363013,6.832098945,4.710575649,,,100,,,78.25,447404,95.0503,121.4758051,7.597265034
Brunei Darussalam,2021,5.7,451721,14006496614,14006496614,62.70156408,9.678450683,1.461817223,,,100,,,78.554,451721,95.6225,135.501254,
Brunei Darussalam,2022,5.6,455370,16681536443,16681536443,67.92558548,11.62580722,-1.752933709,,,100,,,78.854,455370,98.9704,117.7551548,
Brunei Darussalam,2023,5.59,458949,15128292981,,,,,,,,,,,,,,
Cambodia,2000,0.33,12462336,3694168979,3694168979,21.64559865,15.82616625,3.202575924,273.8144759,31.93622769,16.6,11.16071429,20.33628847,18.586,12462336,0.0470226,1.077223474,29.79872148
Cambodia,2001,0.28,12658484,4145665970,4145665970,23.26462579,17.2541894,3.533376691,270.9766825,35.78627583,9.5,11.00196464,21.64185631,18.703,12658484,0.0769561,1.811108143,29.90572447
Cambodia,2002,0.58,12855241,4501227627,4501227627,25.37930584,18.91548632,2.909347732,310.7252521,49.47398497,13.1,13.5989011,18.62144657,18.82,12855241,0.226983,3.025049479,30.01915929
Cambodia,2003,0.65,13050968,5046693484,5046693484,26.34287454,19.8968986,1.61651685,315.2880307,50.72420682,19.3,14.94102228,19.54712898,18.937,13050968,0.26057,3.897398361,30.09850954
Cambodia,2004,0.78,13244731,5883297160,5883297160,27.68026858,21.21946893,2.233717348,255.8951933,54.96525373,14.2,12.7607362,24.43280442,19.055,13244731,0.300437,6.618588238,30.10325879
Cambodia,2005,0.98,13439202,7066296463,7066296463,27.41924702,20.77943186,5.366038526,255.6631711,65.92653344,20.5,11.09958506,27.19978905,19.174,13439202,0.317322,8.01716186,29.99289064
Cambodia,2006,1.22,13639028,8350531017,8350531017,29.07002258,22.09961337,5.786570719,251.4366126,79.77108046,27.5,12.04410517,29.42880446,19.293,13639028,0.468357,12.77398895,29.61304767
Cambodia,2007,1.59,13841770,10127916460,10127916460,28.14003508,21.27086611,8.563346095,251.2737894,99.40925185,20.2,14.4772118,32.96813121,19.413,13841770,0.49,18.83599976,28.86426229
Cambodia,2008,1.76,14053479,12174303999,12174303999,26.04959669,19.69001103,6.695908185,248.2420901,113.2104015,26.4,11.06612686,32.73455606,19.571,14053479,0.51,30.3860731,27.78835274
Cambodia,2009,1.99,14276810,12502901170,12502901170,25.56651629,19.09216487,7.425425545,355.8689231,126.2887158,25.6,14.0600316,27.94399482,19.93,14276810,0.53,44.2788579,26.42713726
Cambodia,2010,2.56,14500726,13808673288,13808673288,26.00889851,19.69336734,10.16980719,365.4463921,142.4066629,31.1,28.6,30.05983124,20.294,14500726,1.26,56.74623762,24.8224341
Cambodia,2011,2.89,14722584,16032622024,16032622024,26.66069267,20.59210679,9.598451349,376.5510864,163.0827849,37.4,27.9245283,28.98069106,20.663,14722584,3.1,94.39487785,21.68071077
Cambodia,2012,3.57,14945085,17826536700,17826536700,27.61102977,20.92125449,11.15249124,386.4855904,204.9503231,42.3,18.27057183,29.04509302,21.037,14945085,4.94,129.2052488,22.99657911
Cambodia,2013,4.09,15170208,19807135253,19807135253,28.9581198,21.60353582,10.44305876,393.1491908,219.4432667,50.9,28.06524184,28.61223426,21.415,15170208,6,135.0996151,25.77850235
Cambodia,2014,4.91,15396772,22041463968,22041463968,29.91699165,21.79997251,8.409020203,413.5281084,269.2122738,56.1,23.41606793,30.6290814,21.799,15396772,14,134.4568277,22.10528804
Cambodia,2015,6.13,15623251,24174170369,24174170369,31.46390517,22.45710021,7.54029662,,,62.7,,,22.188,15623251,6.43319,135.2392534,21.5990289
Cambodia,2016,7.31,15852803,26556545153,26556545153,33.05620946,22.73403562,9.323185073,,,68.8,,,22.582,15852803,32.3985,127.4626128,22.40718101
Cambodia,2017,8.29,16073372,29355665910,29355665910,34.29808092,23.15512318,9.497602031,,,89.1,,,22.98,16073372,32.9003,117.3225889,20.70753128
Cambodia,2018,10.13,16274522,33145892169,33145892169,36.87142375,23.56639279,9.692403,,,80.7,,,23.388,16274522,,121.1658947,22.99194255
Cambodia,2019,12.1,16481304,36685356408,36685356408,39.04559465,24.6156472,9.985000442,,,84,,,23.805,16481304,52.3059,132.1508925,22.97380172
Cambodia,2020,12.78,16725474,34818073901,34818073901,37.45761228,23.99807193,10.41023981,,,86.4,,,24.232,16725474,53.6508,128.6026166,24.14360228
Cambodia,2021,13.46,16974305,36790163687,36790163687,40.32050857,26.65391685,9.468459111,,,82.5,,,24.668,16974305,55.6004,119.9575768,
Cambodia,2022,15.45,17201724,39994532960,39994532960,40.86496262,27.12232987,8.948301258,,,92.3,,,25.114,17201724,56.7328,116.3256071,
Cambodia,2023,18.87,17423880,42335646896,,,,,,,,,,,,,,
Indonesia,2000,98.04,216077790,1.65021E+11,1.65021E+11,41.96907464,22.65975121,-2.757439934,720.369553,382.177178,86.3,11.51352799,61.95226725,42.002,216077790,0.925564,1.714058712,26.20520179
Indonesia,2001,106.16,219097902,1.60447E+11,1.60447E+11,47.89350079,30.75459722,-1.855686193,727.1328778,402.6966904,86.3,12.86270172,61.4567562,42.783,219097902,2.01861,3.003488464,25.85437605
Indonesia,2002,113.04,222088495,1.95661E+11,1.95661E+11,47.74533116,31.95327849,0.074151638,743.9754004,408.602886,87.6,16.14441354,62.54925387,43.568,222088495,2.13414,5.31540109,25.52916865
Indonesia,2003,117.39,225048008,2.34772E+11,2.34772E+11,43.74956609,28.25284184,-0.25425632,736.2766437,419.8259778,87.9,16.3692531,62.44202269,44.356,225048008,2.38702,8.290855733,25.19757196
Indonesia,2004,124.78,227926649,2.56837E+11,2.56837E+11,44.62761598,28.06582659,0.73824398,774.982863,464.7152953,89,11.85223405,64.31644718,45.149,227926649,2.60029,13.42692564,24.82757837
Indonesia,2005,132.89,230871650,2.85869E+11,2.85869E+11,46.54105887,27.40750748,2.916114833,778.6431032,490.7142129,84.8,11.16373531,64.9962453,45.942,230871650,3.60202,20.5021492,24.38718025
Indonesia,2006,138,233951652,3.64571E+11,3.64571E+11,46.94355874,27.53757408,1.347942641,786.4639742,505.8139106,90.6,11.07370446,65.17708139,46.738,233951652,4.76481,27.52533357,23.88605543
Indonesia,2007,148.4,237062337,4.32217E+11,4.32217E+11,46.79914152,27.04841275,1.603010572,772.4878794,535.3528595,91.1,10.7202904,64.58463741,47.535,237062337,5.78627,39.76307645,23.31567113
Indonesia,2008,155.9,240157903,5.10229E+11,5.10229E+11,48.06074477,27.81427299,1.826329024,777.6178659,558.9322622,92.7,10.10808566,63.80707707,48.335,240157903,7.91748,59.08224127,22.6167038
Indonesia,2009,162.87,243220028,5.3958E+11,5.3958E+11,47.65212258,26.35547453,0.90391942,829.9987985,582.7110586,93.6,9.598530369,65.52072458,49.134,243220028,6.92,67.92102195,21.72982988
Indonesia,2010,177.56,246305322,7.55094E+11,7.55094E+11,42.77586634,22.03862859,2.025179146,861.1543603,624.4404252,94.2,9.39825042,67.15478782,49.914,246305322,10.92,86.58861927,20.59572582
Indonesia,2011,191.88,249470032,8.92969E+11,8.92969E+11,43.91342343,21.7608545,2.302984294,819.0144538,668.4089414,94.8,9.089669987,65.3021442,50.595,249470032,12.28,101.095073,17.91857231
Indonesia,2012,208.96,252698525,9.1787E+11,9.1787E+11,43.59374442,21.45095506,2.309780318,838.8718217,721.0489258,96,8.922161676,65.34475065,51.276,252698525,14.52,112.6850884,19.5533516
Indonesia,2013,225.18,255852467,9.12524E+11,9.12524E+11,42.63567744,21.02868868,2.551356334,850.1571689,761.7475895,96.5,9.58290899,65.26568681,51.955,255852467,14.94,123.6702315,20.10299356
Indonesia,2014,237.55,258877399,8.90815E+11,8.90815E+11,41.92834213,21.07517605,2.819972604,871.1196685,800.1509626,97,9.401165546,66.08947546,52.635,258877399,17.1432,127.0667453,18.53546489
Indonesia,2015,243.29,261799249,8.60854E+11,8.60854E+11,40.0478624,20.98578743,2.297616394,,910,97.5,,,53.313,261799249,22.0627,130.8216306,18.67127865
Indonesia,2016,258.24,264627418,9.31877E+11,9.31877E+11,39.30844398,20.52297468,0.487372471,,956,97.6,,,53.989,264627418,25.4474,147.24962,19.13100428
Indonesia,2017,266.95,267346658,1.01562E+12,1.01562E+12,39.3791548,20.16002236,2.019489198,,1021,98.1,,,54.659,267346658,32.3358,164.5351584,16.95556348
Indonesia,2018,285.29,269951846,1.04227E+12,1.04227E+12,39.72973745,19.86319338,1.814289794,,1064,98.5,,,55.325,269951846,39.9046,119.6084851,18.43718958
Indonesia,2019,297.12,272489381,1.1191E+12,1.1191E+12,38.951768,19.70353909,2.233362043,,1084,98.9,,,55.985,272489381,47.6906,126.5946679,19.4270919
Indonesia,2020,293.37,274814866,1.05905E+12,1.05905E+12,38.23839372,19.86642189,1.81058402,,,97,,,56.641,274814866,53.7265,130.8110952,17.8814995
Indonesia,2021,310.33,276758053,1.18651E+12,1.18651E+12,39.84481919,19.24340778,1.787855631,,,99.2,,,57.29,276758053,62.1045,133.6505363,
Indonesia,2022,334.34,278830529,1.31908E+12,1.31908E+12,41.43004725,18.33652346,1.872676381,,,100,,,57.934,278830529,66.4846,114.9005566,
Indonesia,2023,351.49,281190067,1.37117E+12,,,,,,,,,,,,,,
Lao People's Democratic Republic (the),2000,1.04,5431212,1731198022,,,,,,,,,,,,,,
Lao People's Democratic Republic (the),2001,0.99,5521482,1768619058,,,,,,,,,,,,,,
Lao People's Democratic Republic (the),2002,1.03,5610889,1758176653,,,,,,,,,,,,,,
Lao People's Democratic Republic (the),2003,1.12,5697945,2023324407,,,,,,,,,,,,,,
Lao People's Democratic Republic (the),2004,0.83,5781626,2366398120,,,,,,,,,,,,,,
Lao People's Democratic Republic (the),2005,1.34,5869523,2735558735,,,,,,,,,,,,,,
Lao People's Democratic Republic (the),2006,1.74,5963200,3455030061,,,,,,,,,,,,,,
Lao People's Democratic Republic (the),2007,2.42,6056236,4223152739,,,,,,,,,,,,,,
Lao People's Democratic Republic (the),2008,2.25,6148969,5446433157,,,,,,,,,,,,,,
Lao People's Democratic Republic (the),2009,2.62,6241642,5836137330,,,,,,,,,,,,,,
Lao People's Democratic Republic (the),2010,2.92,6334194,7131771015,,,,,,,,,,,,,,
Lao People's Democratic Republic (the),2011,3.07,6426590,8750104617,,,,,,,,,,,,,,
Lao People's Democratic Republic (the),2012,3.9,6518978,10192846339,,,,,,,,,,,,,,
Lao People's Democratic Republic (the),2013,4.14,6611385,11983252627,,,,,,,,,,,,,,
Lao People's Democratic Republic (the),2014,4.74,6703172,13279245886,,,,,,,,,,,,,,
Lao People's Democratic Republic (the),2015,6.66,6801645,14426380126,,,,,,,,,,,,,,
Lao People's Democratic Republic (the),2016,6.7,6908802,15912501723,,,,,,,,,,,,,,
Lao People's Democratic Republic (the),2017,6.67,7018147,17071155481,,,,,,,,,,,,,,
Lao People's Democratic Republic (the),2018,7.51,7128045,18141641090,,,,,,,,,,,,,,
Lao People's Democratic Republic (the),2019,8.47,7237636,18740561513,,,,,,,,,,,,,,
Lao People's Democratic Republic (the),2020,10.59,7346533,18981805250,,,,,,,,,,,,,,
Lao People's Democratic Republic (the),2021,11.53,7453194,18827148531,,,,,,,,,,,,,,
Lao People's Democratic Republic (the),2022,11.95,7559007,15468785204,,,,,,,,,,,,,,
Lao People's Democratic Republic (the),2023,15.26,7664993,15843155731,,,,,,,,,,,,,,
Malaysia,2000,69.88,22967816,93789736842,93789736842,48.32057149,30.86354977,4.038428624,2128.595335,2774.14274,98.6,7.999422424,94.97309691,61.977,22967816,21.3847,22.32170197,23.51367062
Malaysia,2001,75.69,23526538,92783947368,92783947368,46.202695,29.33640404,0.597029318,2162.618189,2779.754505,98.6,8.0003939,95.17806383,62.922,23526538,26.696,31.36877845,23.33079248
Malaysia,2002,80.84,24102477,1.00846E+11,1.00846E+11,45.1153797,29.24639822,3.166124323,2181.982707,2832.945344,98.6,8.000107746,95.62841973,63.856,24102477,32.3382,37.49827327,23.21297526
Malaysia,2003,83.11,24679602,1.10202E+11,1.10202E+11,46.5786627,29.92867189,2.920942095,2283.092815,2916.943312,98.7,8.000611707,95.99111004,64.78,24679602,34.9712,44.96469217,23.10721468
Malaysia,2004,95.54,25256772,1.24749E+11,1.24749E+11,48.5303176,30.37814736,3.50787262,2399.18486,2976.54823,98.7,8.000340285,96.21646697,65.694,25256772,42.2523,57.67519655,22.96050646
Malaysia,2005,96.52,25836071,1.43534E+11,1.43534E+11,46.36832249,27.54968008,2.734387349,2544.091011,2857.555237,98.7,8.000193534,96.82708398,66.594,25836071,48.6292,75.39480725,22.71984634
Malaysia,2006,101.67,26417909,1.62692E+11,1.62692E+11,46.51565726,27.56608756,4.727164848,2501.712607,3040.513161,98.8,7.999554714,96.69407555,67.483,26417909,51.638,73.42192752,22.14597455
Malaysia,2007,106.29,26998389,1.9355E+11,1.9355E+11,44.59599603,26.12258394,4.686845783,2680.577904,3239.193272,98.9,7.999712868,96.94482833,68.36,26998389,55.7,86.17480992,21.15849556
Malaysia,2008,113.35,27570059,2.30812E+11,2.30812E+11,45.1050654,24.56071766,3.280819491,2744.00802,3246.275244,99,7.999918201,96.76022577,69.225,27570059,55.8,100.1760536,19.9427015
Malaysia,2009,116.02,28124778,2.02257E+11,2.02257E+11,40.96782384,23.80014505,0.056692316,2555.844779,3887.461796,99.3,5.674853237,96.66434839,70.075,28124778,55.9,106.8284441,18.68388446
Malaysia,2010,124.89,28655776,2.55018E+11,2.55018E+11,40.49893235,23.43377557,4.268646639,2560.802262,4080.747979,99.5,6.168961262,96.89621303,70.912,28655776,56.3,117.9017242,17.56733656
Malaysia,2011,127.43,29162039,2.97952E+11,2.97952E+11,39.82426873,23.32020449,5.074460321,2623.847119,4030.719525,99.5,9.352929801,96.81165029,71.609,29162039,61,125.6206583,16.55437274
Malaysia,2012,134.17,29662831,3.14443E+11,3.14443E+11,40.13500101,23.13817629,2.829057382,2624.835371,4251.583404,99.8,6.221117569,96.74023319,72.275,29662831,65.8,139.3270554,17.91013822
Malaysia,2013,141.16,30174265,3.23276E+11,3.23276E+11,39.88537365,22.84074242,3.49431176,2909.992472,4414.68914,99.6,3.84971232,96.75188109,72.93,30174265,57.0575,142.7087288,18.79541989
Malaysia,2014,147.48,30696137,3.38066E+11,3.38066E+11,39.92442448,22.87393024,3.141229404,2922.285922,4526.237292,99.7,5.792403827,96.6281989,73.577,30696137,63.6654,146.794505,17.10525023
Malaysia,2015,150.12,31232798,3.01355E+11,3.01355E+11,38.44966979,22.29329748,3.270944029,,,99.9,,,74.213,31232798,71.0641,141.9557664,16.92973309
Malaysia,2016,155.99,31789685,3.01256E+11,3.01256E+11,37.6832735,21.79695148,4.471309586,,,99.9,,,74.84,31789685,78.7883,137.8669153,16.38644193
Malaysia,2017,159.52,32355644,3.19109E+11,3.19109E+11,38.11471636,21.84615988,2.935820381,,,100,,,75.447,32355644,80.1405,132.4079212,14.94500758
Malaysia,2018,169.09,32910967,3.58789E+11,3.58789E+11,38.29143917,21.52815927,2.314587212,,,100,,,76.036,32910967,81.201,130.908501,16.65417533
Malaysia,2019,176.84,33440596,3.65178E+11,3.65178E+11,37.47655524,21.4089983,2.506977057,,,100,,,76.607,33440596,84.1871,135.9610804,17.81975108
Malaysia,2020,172.46,33889558,3.37456E+11,3.37456E+11,35.93473853,22.23207759,1.202754643,,,100,,,77.16,33889558,89.555,131.6976181,16.19385322
Malaysia,2021,174.27,34282399,3.73785E+11,3.73785E+11,37.68268618,23.36316564,5.416259849,,,100,,,77.696,34282399,96.7514,140.5905675,
Malaysia,2022,182.25,34695493,4.07606E+11,4.07606E+11,39.0948343,23.33113241,3.686893363,,,100,,,78.214,34695493,97.3986,141.2923164,
Malaysia,2023,186.66,35126298,3.99705E+11,,,,,,,,,,,,,,
Myanmar,2000,5.1,45290841,8905066164,8905066164,9.692261136,,2.86117768,283.5501995,77.63159002,41.9,31.30128957,27.18147717,27.025,45290841,,0.029419172,39.52723292
Myanmar,2001,4.67,45771139,6477790688,6477790688,10.58049433,,3.215657535,274.1836728,70.54663857,43,31.13670292,23.62617621,27.208,45771139,0.000289277,0.049268903,39.74283906
Myanmar,2002,5.07,46232653,6777632512,6777632512,13.00689549,,2.220705026,280.6151964,75.35799427,47,31.25493291,24.07386239,27.391,46232653,0.000426494,0.103230987,40.17688759
Myanmar,2003,5.42,46667192,10467109978,10467109978,14.2582574,,2.377757667,301.5260914,82.47764297,45.1,29.05069124,27.11698557,27.575,46667192,0.0240641,0.141753867,40.65103441
Myanmar,2004,5.61,47068772,10567354056,10567354056,16.36636196,,2.000162896,315.4052755,83.0699386,46.2,30.29060439,30.13469387,27.76,47068772,0.0243374,0.195300032,40.98693543
Myanmar,2005,6.02,47438365,11986972419,11986972419,17.51220464,,1.959663965,314.0091359,77.23706329,47.3,39.09574468,29.47735243,27.946,47438365,0.0652389,0.269672968,41.00624655
Myanmar,2006,6.18,47785135,14502553710,14502553710,19.23729302,,1.901821283,316.1442151,91.13712873,48.4,29.34782609,29.81559402,28.132,47785135,0.182048,0.445459947,40.54610498
Myanmar,2007,6.4,48125043,20182477481,20182477481,20.40912967,,3.517516697,325.7010908,92.23887862,49.5,30.6297859,31.70408856,28.319,48125043,0.217128,0.511172861,39.59622415
Myanmar,2008,6.62,48390793,31862554102,31862554102,22.66581542,,2.71127181,312.2619214,97.1465791,50.6,29.00936273,28.4497335,28.507,48390793,0.22,0.753933666,38.20712431
Myanmar,2009,6.97,48660459,36906181381,36906181381,24.5320051,,2.92355416,294.1990539,102.6089787,51.8,28.3026996,23.27886531,28.695,48660459,0.22,1.024169005,36.42932571
Myanmar,2010,8.62,49024382,49540813342,49540813342,26.46806427,19.86208285,1.818972023,286.0028302,128.3035042,48.8,16.61142781,21.22355916,28.885,49024382,0.25,1.202648548,34.3133486
Myanmar,2011,10.43,49419820,59977326086,59977326086,31.29164883,19.72131197,4.201276512,289.8441354,159.2883179,54.1,20.22699635,20.8796747,29.075,49419820,0.98,2.497501633,29.48543984
Myanmar,2012,11.16,49837446,59937796648,59937796648,32.3730208,20.09235404,2.225400685,314.1557655,160.9432393,55.3,25.26090198,26.92943816,29.266,49837446,1.4,7.426825561,33.17922386
Myanmar,2013,12.46,50262658,60269732855,60269732855,32.3622196,19.91591375,3.740856079,330.5021394,191.2354098,56.5,21.51547318,30.72995313,29.457,50262658,1.8,13.48984154,35.16649866
Myanmar,2014,14.39,50681634,65531374200,65531374200,34.4897148,19.9307583,3.319044214,380.9859209,222.0922869,52,20.49162958,44.28989524,29.65,50681634,7.4,56.83954844,31.22188927
Myanmar,2015,16.2,51089056,59607290408,59607290408,34.46882126,20.80814188,6.851240987,,,60.5,,,29.858,51089056,10.9,79.62426697,29.91505392
Myanmar,2016,15.74,51495696,63298361996,63298361996,34.80950488,22.79535067,5.178801325,,,55.6,,,30.082,51495696,16,97.48338233,31.17038664
Myanmar,2017,19.65,51894938,66053040483,66053040483,36.80092112,24.09403534,7.273355552,,,69.8,,,30.322,51894938,23.6211,91.69666523,28.1336718
Myanmar,2018,20.21,52272247,67860515990,67860515990,36.9634615,24.911874,2.605632299,,,66.1,,,30.579,52272247,33.7204,116.0975729,31.5559917
Myanmar,2019,18.05,52640713,75065106228,75065106228,38.41261109,25.32007212,2.312112112,,,68.3,,,30.852,52640713,48.1377,154.4969145,32.16422796
Myanmar,2020,17.54,53016522,79006113643,79006113643,37.54391555,25.45203809,,,,70.4,,,31.141,53016522,41.95429049,147.0303762,32.315034
Myanmar,2021,18.66,53387102,66345291160,66345291160,37.31088999,25.63745292,,,,72.5,,,31.448,53387102,44.02167324,126.2686102,
Myanmar,2022,23.05,53756787,62253049892,62253049892,38.24713577,25.55955544,,,,73.7,,,31.771,53756787,,106.6964737,
Myanmar,2023,25.49,54133798,66757619000,,,,,,,,,,,,,,
Philippines,2000,45.3,79625397,83669788255,83669788255,34.97528449,25.27956529,1.777224529,502.2272856,489.1027419,74.7,14.00971517,53.0686073,46.135,79625397,1.98225,8.27925362,31.51895951
Philippines,2001,47.05,81401488,78921234458,78921234458,34.89761526,25.31154589,0.962985444,470.3988581,507.8162699,75.7,12.1424017,54.30490275,46.05,81401488,2.52401,15.27032611,31.29231909
Philippines,2002,48.46,83068889,84307345888,84307345888,34.78343526,25.13540868,2.098275045,467.2578082,511.5874368,76.7,12.31765944,55.87291963,45.965,83068889,4.33228,18.92463893,31.05570388
Philippines,2003,52.94,84731835,87039092974,87039092974,34.54056403,24.83687265,0.565263243,459.2577512,544.4234744,76.6,12.86361919,57.21562393,45.88,84731835,4.85767,27.13864248,30.77434936
Philippines,2004,55.94,86394504,95001999685,95001999685,33.61869621,24.01199788,0.623144778,448.9797059,564.0405089,87.6,12.91527423,56.38303464,45.795,86394504,5.24363,38.92784282,30.41349103
Philippines,2005,56.57,88015962,1.0742E+11,1.0742E+11,33.81367631,24.26990117,1.549060092,441.4382246,565.2383826,79.8,12.05119593,57.81258936,45.71,88015962,5.39764,40.31821357,29.93836438
Philippines,2006,56.78,89508986,1.27653E+11,1.27653E+11,33.46258533,23.8291854,2.120918865,430.8995077,557.4635825,80.2,12.12510787,56.18237608,45.625,89508986,5.74059,48.76907405,29.17822658
Philippines,2007,59.62,91075184,1.5598E+11,1.5598E+11,33.00086093,23.1509116,1.871212459,424.339807,570.989788,82,12.76274513,57.27483545,45.54,91075184,5.97,64.02850974,28.03417224
Philippines,2008,60.82,92699095,1.81625E+11,1.81625E+11,32.76528841,23.26866768,0.737800589,432.6369853,573.2634175,83.3,12.62721757,57.62975477,45.455,92699095,6.22,74.64704735,26.57919297
Philippines,2009,61.92,94384250,1.75975E+11,1.75975E+11,31.52254268,21.73861439,1.173248212,404.5866339,576.6004392,84.3,12.11059253,56.26292371,45.371,94384250,9,81.32235128,24.8862804
Philippines,2010,67.73,96337125,2.08369E+11,2.08369E+11,32.33955605,21.91920172,0.51369805,419.3309277,622.210804,85.5,11.51427475,60.11116976,45.332,96337125,25,87.86246562,23.02842614
Philippines,2011,69.15,98248614,2.34217E+11,2.34217E+11,31.33868278,21.70432695,0.856963003,413.9164752,625.9223158,87.2,11.10211634,59.88098622,45.522,98248614,29,97.77022573,20.27620072
Philippines,2012,72.89,100175512,2.61921E+11,2.61921E+11,31.39949336,21.32857121,1.227630007,431.7893678,644.4788623,87.1,11.46446154,59.48380294,45.712,100175512,30.8,104.0252318,21.83519619
Philippines,2013,75.23,102076336,2.83903E+11,2.83903E+11,30.77544663,20.43449877,1.316426384,438.8358238,661.5147315,87.5,10.28485638,61.41213905,45.903,102076336,32.7,103.1328562,22.74026369
Philippines,2014,77.23,103767130,2.97484E+11,2.97484E+11,31.04744447,20.57508399,1.929375228,459.4245596,674.5103194,89.8,9.40954156,62.43489629,46.093,103767130,34.7,109.8700461,20.33688244
Philippines,2015,82.4,105312992,3.06446E+11,3.06446E+11,30.48195098,19.92802237,1.840180107,,,89.1,,,46.284,105312992,36.9,114.3710694,19.7079276
Philippines,2016,90.79,106735719,3.18627E+11,3.18627E+11,30.28591717,19.5903032,2.598508035,,,92,,,46.475,106735719,39.2,114.5140314,19.90697164
Philippines,2017,94.36,108119693,3.28481E+11,3.28481E+11,30.12655058,19.50020206,3.122387784,,,93,,,46.682,108119693,41.6,112.3979818,18.33270181
Philippines,2018,99.74,109465287,3.46842E+11,3.46842E+11,30.56374016,19.09824717,2.868338261,,,94.2,,,46.907,109465287,44.1,123.9757392,20.58850778
Philippines,2019,106.03,110804683,3.76823E+11,3.76823E+11,30.32750788,18.5164544,2.301174986,,,95.3,,,47.149,110804683,43.0266,151.5865313,21.5254372
Philippines,2020,101.75,112081264,3.61751E+11,3.61751E+11,28.39991759,17.65817905,1.885863632,,,96.4,,,47.408,112081264,53.7649,133.3257005,20.28874171
Philippines,2021,105.75,113100950,3.94087E+11,3.94087E+11,28.88980912,17.6400847,3.040788553,,,97.5,,,47.684,113100950,63.4019,143.4358742,
Philippines,2022,111.52,113964338,4.04353E+11,4.04353E+11,29.22123994,17.22937941,2.347509723,,,94.8,,,47.977,113964338,75.2111,144.0428223,
Philippines,2023,111.52,114891199,4.37146E+11,,,,,,,,,,,,,,
Singapore,2000,31.67,4027887,96076539926,96076539926,32.4585045,25.86148604,16.14889045,4634.72585,7575.435954,100,3.638086215,98.91780933,100,4027887,36,67.77675756,19.79997192
Singapore,2001,33.06,4138012,89793790670,89793790670,30.37966108,23.39469785,18.93986069,5145.885754,7516.1696,100,6.005016773,98.16821256,100,4138012,41.6704,72.58809459,19.31426286
Singapore,2002,34.66,4175950,92538372870,92538372870,30.74567542,24.73764032,6.653665882,5065.984507,7756.318921,100,6.560120009,98.15511935,100,4175950,47,79.3192099,18.58425257
Singapore,2003,35.32,4114826,97646401096,97646401096,30.22480292,24.76541269,17.46241537,6216.739177,8113.587306,100,5.50775501,98.4042485,100,4114826,53.8379,84.63439691,17.73928066
Singapore,2004,36.82,4166664,1.15034E+11,1.15034E+11,31.88589386,27.1193676,21.20272375,7370.652877,8314.325321,100,5.889543886,98.71373917,100,4166664,62,93.4502185,16.90868676
Singapore,2005,38.22,4265762,1.27808E+11,1.27808E+11,31.4076522,27.0767618,15.11335885,5055.96632,8678.168168,100,3.124591108,98.17112737,100,4265762,61,100.9198005,16.22181047
Singapore,2006,39.49,4401365,1.48627E+11,1.48627E+11,30.89429655,26.57800599,26.3271523,5264.398658,8720.022084,100,2.692561229,98.30136458,100,4401365,59,106.7315594,15.60320415
Singapore,2007,41.13,4588599,1.80942E+11,1.80942E+11,28.22577096,23.8226519,26.16198888,4677.204306,8706.579067,100,2.873605135,98.12869974,100,4588599,69.9,127.0378465,14.95527648
Singapore,2008,41.67,4839396,1.93617E+11,1.93617E+11,26.41533816,20.58566497,7.023286082,5094.135714,8401.048395,100,2.54332766,98.24675267,100,4839396,69,132.5809637,14.37415164
Singapore,2009,41.8,4987573,1.9415E+11,1.9415E+11,27.01631937,20.27337643,12.07109441,4257.776277,8114.367449,100,1.790870926,97.93284225,100,4987573,69,137.4018501,13.95595379
Singapore,2010,45.36,5076732,2.39808E+11,2.39808E+11,26.63587172,20.77383303,23.06947168,5006.620992,8679.99335,100,2.854875333,97.68803286,100,5076732,71,143.0129038,13.7968071
Singapore,2011,46,5183688,2.79356E+11,2.79356E+11,25.25959258,19.58255151,17.59603141,5069.171794,8651.755275,100,2.542483376,97.70145037,100,5183688,71,147.5817519,15.50309323
Singapore,2012,46.94,5312437,2.95093E+11,2.95093E+11,25.02220216,19.11682198,18.74352442,4898.330465,8673.985216,100,1.896915118,96.3290894,100,5312437,72,149.9274113,16.92235993
Singapore,2013,47.97,5399162,3.07576E+11,3.07576E+11,23.44272863,17.63840961,20.93448104,4880.40607,8680.606361,100,2.295232338,94.00615626,100,5399162,80.9021,154.0346262,18.07666256
Singapore,2014,49.3,5469724,3.14864E+11,3.14864E+11,24.16851925,17.99976889,21.81848808,5121.804318,8844.687593,100,2.029161604,90.57887358,100,5469724,79.0292,145.4770145,17.28168859
Singapore,2015,50.28,5535002,3.07999E+11,3.07999E+11,24.28802291,18.08932985,22.65418269,,,100,,,100,5535002,79.013,145.7181198,17.1833033
Singapore,2016,51.59,5607283,3.19054E+11,3.19054E+11,23.24515861,17.47442136,20.48652361,,,100,,,100,5607283,84.4523,148.123236,15.90029489
Singapore,2017,52.28,5612253,3.43257E+11,3.43257E+11,23.52505968,18.56833281,29.76365175,,,100,,,100,5612253,84.4523,145.4058271,16.07688405
Singapore,2018,52.97,5638676,3.76893E+11,3.76893E+11,25.39393161,20.72849882,21.7592915,,,100,,,100,5638676,88.1656,147.3617155,15.97685716
Singapore,2019,54.14,5703569,3.76902E+11,3.76902E+11,24.02135238,19.36385133,28.09499358,,,100,,,100,5703569,88.9493,154.0006188,17.07590632
Singapore,2020,53.07,5685807,3.49488E+11,3.49488E+11,23.20869309,19.62711617,23.10030052,,,100,,,100,5685807,92.0043,142.8931601,13.86919559
Singapore,2021,55.79,5453566,4.34112E+11,4.34112E+11,24.27736289,20.2841459,31.62074002,,,100,,,100,5453566,96.9247,147.480416,
Singapore,2022,57.1,5637022,4.98475E+11,4.98475E+11,23.74660667,19.72325438,29.8437976,,,100,,,100,5637022,95.9539,156.4790531,
Singapore,2023,57.4,5917648,5.01428E+11,,,,,,,,,,,,,,
Thailand,2000,98.34,63007815,1.26392E+11,1.26392E+11,36.66940838,28.37544528,2.663128687,1147.244052,1446.804654,82.1,7.90814466,78.74346474,31.386,63007815,3.68904,4.845670931,40.39122756
Thailand,2001,103.7,63651141,1.20296E+11,1.20296E+11,36.32100349,27.82676748,4.212235095,1168.685397,1502.109758,90.4,9.200351494,81.19440353,32.548,63651141,5.55633,11.86176404,40.35065432
Thailand,2002,111.06,64266437,1.34301E+11,1.34301E+11,36.89443145,28.51503178,2.488153019,1279.990425,1612.599124,91,7.261519268,81.92836084,33.734,64266437,7.53125,27.17095763,40.43269527
Thailand,2003,118.21,64868166,1.52281E+11,1.52281E+11,37.91817489,29.58050295,3.435939848,1373.727554,1705.212384,91.6,7.310463914,82.03147041,34.941,64868166,9.29903,33.37129642,40.52812677
Thailand,2004,127.25,65452047,1.72896E+11,1.72896E+11,37.9023025,29.41896805,3.389474953,1471.23365,1814.488705,92.2,7.938628934,82.05719879,36.169,65452047,10.6773,41.28780674,40.52772515
Thailand,2005,134.3,66017420,1.89318E+11,1.89318E+11,38.50521071,29.61506806,4.339587081,1499.686628,1897.362848,92.8,8.105327655,81.81330376,37.411,66017420,15.026,46.27713253,40.32226677
Thailand,2006,141.35,66567687,2.21758E+11,2.21758E+11,39.14685588,30.16807997,4.021256707,1516.593614,1982.50842,99.1,8.05812227,81.56143348,38.673,66567687,17.1607,60.503253,39.75210625
Thailand,2007,146.27,67102394,2.62943E+11,2.62943E+11,39.43137188,30.58744967,3.283569394,1568.267535,2051.715174,94.1,6.464032139,81.15233515,39.95,67102394,20.03,79.27063763,38.75093016
Thailand,2008,147.26,67619830,2.91383E+11,2.91383E+11,39.47961297,30.55473054,2.938249054,1598.665465,2071.537299,94.8,6.073555547,80.57079085,41.242,67619830,18.2,91.84432107,37.34951271
Thailand,2009,147.05,68121080,2.81711E+11,2.81711E+11,38.60859889,29.46214007,2.275902241,1581.027562,2062.459961,99,5.913985741,80.13354249,42.543,68121080,20.1,97.25521206,35.5786281
Thailand,2010,163.51,68579447,3.41105E+11,3.41105E+11,39.9217257,30.93047882,4.323209282,1718.300455,2261.216834,99.7,6.344579431,79.99305669,43.856,68579447,22.4,105.0619397,33.46905055
Thailand,2011,162.74,69007208,3.70819E+11,3.70819E+11,37.98139827,28.99588092,0.667087645,1705.630302,2234.476723,99.3,6.944631421,80.19388911,44.698,69007208,23.6699,112.714004,29.05919519
Thailand,2012,177.58,69436098,3.97558E+11,3.97558E+11,37.34369414,27.97278735,3.244564443,1817.446928,2387.302927,99.1,5.695003836,80.16213661,45.445,69436098,26.46,122.9260548,31.5886299
Thailand,2013,179.93,69845114,4.20334E+11,4.20334E+11,36.89858846,27.58869075,3.791264509,1943.101603,2453.528818,99.4,6.067469795,80.66699695,46.193,69845114,28.94,134.8819857,34.48835114
Thailand,2014,183.95,70216367,4.07339E+11,4.07339E+11,36.76304037,27.57350096,1.22145318,1919.153365,2474.522785,99.5,6.111201261,79.83902265,46.943,70216367,34.8861,138.7860081,29.97053846
Thailand,2015,189.98,70540795,4.01296E+11,4.01296E+11,36.17917733,27.3740712,2.22468549,,,99.6,,,47.694,70540795,39.3161,146.4441042,28.15444138
Thailand,2016,198.21,70859841,4.13366E+11,4.13366E+11,35.58676541,27.14423937,0.843364341,,,99.9,,,48.448,70859841,47.505,169.4859395,30.39859962
Thailand,2017,200.05,71160187,4.56357E+11,4.56357E+11,35.01875953,27.01481548,1.815502601,,,99.9,,,49.2,71160187,52.8919,171.4147843,27.10067447
Thailand,2018,203.34,71376079,5.06754E+11,5.06754E+11,34.74248967,26.71283439,2.712798351,,,99.8,,,49.949,71376079,56.8175,175.8777812,30.0080974
Thailand,2019,209.17,71522271,5.43977E+11,5.43977E+11,33.59391051,25.62159641,1.017348776,,,99.9,,,50.692,71522271,66.6524,181.7670258,30.38275655
Thailand,2020,203.41,71641484,5.00462E+11,5.00462E+11,33.29072297,25.55533257,-0.857989527,,,100,,,51.43,71641484,77.8437,162.7043297,31.00720163
Thailand,2021,207.75,71727332,5.06256E+11,5.06256E+11,35.04964694,27.16759949,3.039881536,,,100,,,52.163,71727332,85.2696,168.7823161,
Thailand,2022,213.78,71735329,4.95645E+11,4.95645E+11,35.15209303,27.05149006,2.391795941,,,99.9,,,52.889,71735329,87.9772,176.3169269,
Thailand,2023,224.04,71702435,5.14969E+11,,,,,,,,,,,,,,
Viet Nam,2000,26.56,77154011,31172518403,,,,,,,,,,,,,,
Viet Nam,2001,30.61,77969361,32685198809,,,,,,,,,,,,,,
Viet Nam,2002,35.8,78772224,35064105501,,,,,,,,,,,,,,
Viet Nam,2003,40.93,79563777,39552513232,,,,,,,,,,,,,,
Viet Nam,2004,46.2,80338971,45427854693,,,,,,,,,,,,,,
Viet Nam,2005,52.46,81088313,57633255738,,,,,,,,,,,,,,
Viet Nam,2006,58.87,82167897,66371664817,,,,,,,,,,,,,,
Viet Nam,2007,66.79,83633375,77414425532,,,,,,,,,,,,,,
Viet Nam,2008,74.17,85175788,99130304099,,,,,,,,,,,,,,
Viet Nam,2009,84.37,86460018,1.06015E+11,,,,,,,,,,,,,,
Viet Nam,2010,96.36,87455152,1.47201E+11,,,,,,,,,,,,,,
Viet Nam,2011,105.38,88468314,1.72595E+11,,,,,,,,,,,,,,
Viet Nam,2012,116.61,89510356,1.95591E+11,,,,,,,,,,,,,,
Viet Nam,2013,126.79,90573104,2.13709E+11,,,,,,,,,,,,,,
Viet Nam,2014,142.69,91679578,2.33451E+11,,,,,,,,,,,,,,
Viet Nam,2015,162.91,92823254,2.39258E+11,,,,,,,,,,,,,,
Viet Nam,2016,180.5,94000117,2.57096E+11,,,,,,,,,,,,,,
Viet Nam,2017,195.43,95176977,2.81354E+11,,,,,,,,,,,,,,
Viet Nam,2018,218.8,96237319,3.10106E+11,,,,,,,,,,,,,,
Viet Nam,2019,238.14,97173776,3.34365E+11,,,,,,,,,,,,,,
Viet Nam,2020,245.51,98079191,3.46616E+11,,,,,,,,,,,,,,
Viet Nam,2021,254.43,98935098,3.66475E+11,,,,,,,,,,,,,,
Viet Nam,2022,267.43,99680655,4.10324E+11,,,,,,,,,,,,,,
Viet Nam,2023,278.61,100352192,4.29717E+11,,,,,,,,,,,,,,
