Year,GDP (current US$),Industry (% of GDP),Manufacturing (% of GDP),Foreign direct investment (% of GDP),Energy use (kg of oil equivalent per capita),Access to clean fuels and technologies for cooking,Energy imports (% of energy use),Population growth rate,GNI per capita,Electric power consumption (kWh per capita),Access to electricity (% of population),Electric power transmission and distribution losses (% of output),Fossil fuel energy consumption (% of total),Urban population (% of total),"Population, total",Individuals using the Internet (% of population),Mobile cellular subscriptions (per 100 people),PM2.5 air pollution (micrograms per cubic meter),Demand (TWh),Country
2000,6570999059.70575,66.2665825490249,2.45967156476995,,7304.93468617504,100.0,-725.508428160801,2.17184750364769,19390,7701.63958532461,100.0,1.14038537160834,,71.164,326424,8.99628,28.44941694,7.15237071655279,2514.0000000000005,Brunei Darussalam
2001,6096155747.56182,62.747589703032,2.29641446656721,0.995621604337453,6623.00919467819,100.0,-799.196782964715,2.09808399029796,19270,7325.74359897404,100.0,5.31213648701047,,71.652,333345,12.9178,41.96767112,7.14419998443377,2442.0000000000014,Brunei Darussalam
2002,6333082878.97992,63.0811811095942,2.85753016535136,3.62654271330788,6343.40589063773,100.0,-839.333573129704,2.00587619956124,18960,7518.39905439299,100.0,5.33135875601629,99.9999072952175,72.046,340099,15.3299,44.21967231,7.16359869799834,2557.0000000000014,Brunei Darussalam
2003,7167725264.75135,66.4844980628421,2.49651780543055,1.72747847570747,7226.39245089243,100.0,-746.201598045458,1.90413711851639,19840,8715.16889426114,100.0,5.32748354747728,100.0,72.421,346637,19.595,50.09673912,7.18894518991816,3020.9999999999986,Brunei Darussalam
2004,8619178799.47025,70.1910453455162,2.1141374391862,1.31341824546458,6507.90142557189,100.0,-803.435958392657,1.79377776163247,22190,8755.74861650671,100.0,5.33088235294118,100.0,72.794,352911,29.7156,56.16529944,7.19861779286489,3089.9999999999995,Brunei Darussalam
2005,10547202612.4295,73.1530053254546,1.6722499966591,1.65985733844246,6179.46817639782,100.0,-849.55521188867,1.68724773243682,25670,8609.25676202788,100.0,5.33088235294118,100.0,73.163,358916,36.4664,63.5094637,7.17099483951018,3089.9999999999986,Brunei Darussalam
2006,12644616446.1918,74.9262612239589,1.2269150521277,0.694676099407027,8642.2834233251,100.0,-608.136737784708,1.58852615956489,30720,8561.32922725914,100.0,5.33656761673742,100.0,73.529,364663,42.1863,80.84590459,7.04449810766191,3122.0,Brunei Darussalam
2007,13432029495.6785,73.3951064270473,1.10446083928724,1.91806992064155,8701.7280848161,100.0,-542.866744173652,1.68860465252749,33470,8709.18077077598,100.0,4.860088365243,100.0,73.892,370873,44.68,96.67060948,6.82039311579094,3230.0,Brunei Darussalam
2008,15926456491.5178,76.4320817859321,0.902506028214556,1.39506581145342,9377.27803320866,100.0,-495.880028340207,1.84867406299599,36700,8626.41711201637,100.0,4.79111890154835,,74.252,377793,46.0,103.7155978,6.57132380756337,3259.0000000000005,Brunei Darussalam
2009,11912904529.0722,67.2954810785281,1.22236133267364,2.73305999382492,7904.3776886469,100.0,-522.428639880426,1.87722246166003,35470,8816.6836384796,100.0,6.03543743078627,99.9999342711957,74.608,384952,49.0,105.7828245,6.36993412664528,3393.999999999999,Brunei Darussalam
2010,13707121031.2552,68.6533506775087,1.24945271925881,,8259.16315773376,100.0,-473.19072663497,1.89897689252094,35370,8727.30238675408,100.0,9.70464135021097,,74.961,392332,53.0,109.8603214,6.28886801670278,3424.0000000000014,Brunei Darussalam
2011,18524791070.6802,73.6724143877158,1.22071585484908,,9697.02470523725,100.0,-382.704805332459,1.78274591747739,36520,8658.22543935862,100.0,7.16778523489933,99.9956363279571,75.31,399389,56.0,110.3746893,7.22534325195967,3458.0,Brunei Darussalam
2012,19048443339.9457,72.6556143000405,1.45830396709514,,9443.9154052328,100.0,-383.542312546638,1.53255515873327,41690,9091.20049709412,100.0,6.18320610687023,99.9955353016648,75.656,405557,60.2731,115.5191155,7.64174071359111,3687.0,Brunei Darussalam
2013,18094148099.4922,70.0224439279192,1.14519241910596,,7398.2081799213,100.0,-458.372543437915,1.38231470645459,44580,9710.5558825103,100.0,9.29123125851885,99.9943789901774,75.997,411202,64.5,113.8721697,7.81045226819353,3993.0000000000005,Brunei Darussalam
2014,17097797371.9718,67.8496306363655,1.58675856271092,3.35660901431162,8527.80563887223,100.0,-357.394379176148,1.34019436885468,42370,10118.7762447511,100.0,6.41367066134043,99.9951884698856,76.332,416750,68.77,108.4957375,8.03840256929202,4217.000000000021,Brunei Darussalam
2015,12930296852.4882,61.3627776894002,1.6178324732843,1.3247117972472,,100.0,,1.30210359279592,38180,,100.0,,,76.663,422212,71.2,109.9533264,7.76801290951484,,Brunei Darussalam
2016,11400266055.3232,57.2893640811557,1.80933250875751,-1.32059047200933,,100.0,,1.25964272152269,32570,,100.0,,,76.99,427564,90.0,122.8780218,7.70809372713425,,Brunei Darussalam
2017,12128168046.7827,59.7205892141163,1.76286616709727,3.85818821533147,,100.0,,1.2107045656128,29230,,100.0,,,77.312,432772,94.8667,126.6006005,7.23064895379441,,Brunei Darussalam
2018,13566908401.1864,63.244818370328,2.13432149853163,3.80486552547671,,100.0,,1.15739958778106,28790,,100.0,,,77.629,437810,95.0,130.3207192,7.49485587718805,,Brunei Darussalam
2019,13469235348.2211,62.5153213959076,2.32782256470564,2.77118008258428,,100.0,,1.10621350885567,31550,,100.0,,,77.942,442680,95.0,131.2182683,7.94585811311948,,Brunei Darussalam
2020,12005799664.2691,59.1336301292727,6.83209894472881,4.71057564880466,,100.0,,1.06148281648515,30810,,100.0,,,78.25,447404,95.0503,121.4758051,7.59726503432135,,Brunei Darussalam
2021,14006496614.3195,62.7015640831986,9.67845068289214,1.46181722277193,,100.0,,0.96027430523198,29890,,100.0,,,78.554,451721,95.6225,135.501254,,,Brunei Darussalam
2022,16681536442.5498,67.9255854818627,11.625807221824,-1.75293370882122,,100.0,,0.804554269312164,30970,,100.0,,,78.854,455370,98.9704,117.7551548,,,Brunei Darussalam
2000,3694168979.32019,21.6455986512559,15.8261662510115,3.20257592365611,273.814475873544,3.5,20.3363177711196,1.59016992993238,290,31.9362276863663,16.6,11.1607142857143,20.3362884659568,18.586,12462336,0.0470226,1.077223474,29.7987214798005,397.9999999999995,Cambodia
2001,4145665969.92864,23.2646257907737,17.2541894040738,3.53337669089549,270.976682515853,4.1,21.6418854663668,1.56166865874357,310,35.7862758289223,9.5,11.0019646365422,21.6418563131568,18.703,12658484,0.0769561,1.811108143,29.9057244650667,452.99999999999966,Cambodia
2002,4501227626.62752,25.3793058382166,18.9154863158961,2.90934773211661,310.725252058674,4.6,18.6365425210192,1.54239258007881,320,49.4739849684654,13.1,13.5989010989011,18.6214465678362,18.82,12855241,0.226983,3.025049479,30.0191592913356,636.0000000000001,Cambodia
2003,5046693484.31767,26.3428745441044,19.8968986028874,1.61651685032136,315.288030742241,5.2,19.5742991056218,1.5110719151833,370,50.724206817456,19.3,14.9410222804718,19.5471289832299,18.937,13050968,0.26057,3.897398361,30.098509540539,662.0000000000001,Cambodia
2004,5883297159.87352,27.6802685813967,21.2194689273508,2.2337173477841,255.895193341412,6.1,24.4785075693447,1.47375057040259,430,54.965253729955,14.2,12.760736196319,24.4328044179516,19.055,13244731,0.300437,6.618588238,30.1032587946087,728.0000000000006,Cambodia
2005,7066296463.3598,27.4192470160455,20.7794318646994,5.36603852621256,255.663171072211,6.8,27.3621041767986,1.4576145365221,510,65.9265334355418,20.5,11.0995850622407,27.1997890514563,19.174,13439202,0.317322,8.01716186,29.9928906354765,886.0000000000002,Cambodia
2006,8350531016.65753,29.0700225848228,22.0996133735908,5.7865707192619,251.436612638379,7.5,29.6840714175948,1.47594305468246,580,79.771080461159,27.5,12.0441051738762,29.4288044589195,19.293,13639028,0.468357,12.77398895,29.6130476724133,1088.0000000000005,Cambodia
2007,10127916459.8983,28.1400350776131,21.2708661128182,8.56334609470361,251.273789406991,8.4,33.4295935049111,1.47554433066197,670,99.4092518514612,20.2,14.4772117962466,32.9681312128494,19.413,13841770,0.49,18.83599976,28.8642622907811,1376.0000000000002,Cambodia
2008,12174303999.0812,26.0495966887473,19.6900110312326,6.69590818514056,248.24209009029,9.4,34.6956787195102,1.51791486007376,780,113.210401495601,26.4,11.0661268556005,32.7345560551099,19.571,14053479,0.51,30.3860731,27.7883527366484,1590.9999999999973,Cambodia
2009,12502901169.7377,25.5665162922046,19.0921648734407,7.42542554520067,355.868923099768,10.4,29.0926418606354,1.57665618141569,840,126.288715756531,25.6,14.0600315955766,27.9439948211585,19.93,14276810,0.53,44.2788579,26.427137256084,1802.9999999999995,Cambodia
2010,13808673288.0696,26.0088985136981,19.6933673443391,10.1698071899391,365.446392132366,11.5,31.667496345701,1.55621745380597,910,142.406662949152,31.1,28.6,30.0598312436618,20.294,14500726,1.26,56.74623762,24.8224340951565,2065.0000000000055,Cambodia
2011,16032622023.8265,26.6606926732023,20.5921067908236,9.59845134883883,376.551086412548,12.9,31.5769764629167,1.51839242344005,990,163.082784924168,37.4,27.9245283018868,28.9806910596603,20.663,14722584,3.1,94.39487785,21.6807107694691,2400.9999999999973,Cambodia
2012,17826536699.8016,27.6110297650086,20.9212544909796,11.1524912445112,386.485590413169,14.5,31.9329092841833,1.49998418675996,1110,204.95032313299,42.3,18.2705718270572,29.0450930218869,21.037,14945085,4.94,129.2052488,22.9965791117395,3063.000000000002,Cambodia
2013,19807135252.8649,28.9581198037895,21.6035358243074,10.4430587644193,393.149190835089,16.1,31.637960448714,1.49510212980529,1230,219.443266697464,50.9,28.0652418447694,28.612234256152,21.415,15170208,6.0,135.0996151,25.7785023524529,3329.000000000002,Cambodia
2014,22041463967.9009,29.9169916479613,21.7999725120974,8.4090202030066,413.528108359337,18.2,33.1162975078679,1.4824372519955,1330,269.212273845453,56.1,23.4160679294579,30.629081397544,21.799,15396772,14.0,134.4568277,22.1052880421246,4145.000000000004,Cambodia
2015,24174170369.0738,31.4639051712341,22.4571002060738,7.54029662001988,,20.7,,1.46023762985186,1430,,62.7,,,22.188,15623251,6.43319,135.2392534,21.599028896344,,Cambodia
2016,26556545153.3573,33.0562094608004,22.7340356176555,9.32318507305768,,23.4,,1.45860767566845,1550,,68.8,,,22.582,15852803,32.3985,127.4626128,22.4071810127085,,Cambodia
2017,29355665909.7905,34.2980809169165,23.1551231795313,9.49760203098747,,26.9,,1.38176596089867,1690,,89.1,,,22.98,16073372,32.9003,117.3225889,20.7075312769695,,Cambodia
2018,33145892168.8958,36.8714237524226,23.5663927875165,9.69240300027115,,31.2,,1.24368277407927,1920,,80.7,,,23.388,16274522,,121.1658947,22.9919425508182,,Cambodia
2019,36685356407.7206,39.0455946521572,24.6156471977013,9.98500044202808,,35.7,,1.26258301009769,2100,,84.0,,,23.805,16481304,52.3059,132.1508925,22.9738017157091,,Cambodia
2020,34818073901.4851,37.4576122779361,23.9980719281973,10.410239809326,,41.3,,1.47062988552696,2050,,86.4,,,24.232,16725474,53.6508,128.6026166,24.1436022803452,,Cambodia
2021,36790163687.4421,40.3205085730071,26.653916852434,9.4684591111041,,47.2,,1.47677836241244,2120,,82.5,,,24.668,16974305,55.6004,119.9575768,,,Cambodia
2022,39994532959.6074,40.8649626222158,27.1223298665315,8.94830125779537,,53.5,,1.33088813106016,2270,,92.3,,,25.114,17201724,56.7328,116.3256071,,,Cambodia
2000,165021012077.81,41.9690746432197,22.6597512077359,-2.75743993350903,720.369553020697,6.7,-52.5666611423003,1.43244007763682,570,382.177177950589,86.3,11.5135279935709,61.9522672519218,42.002,216077790,0.925564,1.714058712,26.2052017856205,82580.0,Indonesia
2001,160446947784.909,47.8935007853871,30.7545972173123,-1.85568619300523,727.132877794512,7.5,-51.8184045011989,1.38801892806803,700,402.696690358998,86.3,12.8627017204259,61.4567561997716,42.783,219097902,2.01861,3.003488464,25.8543760470568,88230.00000000009,Indonesia
2002,195660611165.183,47.7453311592597,31.9532784940709,0.0741516383181159,743.975400436659,8.8,-50.286293134744,1.35572575488289,780,408.602885980203,87.6,16.1444135394624,62.5492538730196,43.568,222088495,2.13414,5.31540109,25.5291686460049,90745.99999999988,Indonesia
2003,234772463823.808,43.7495660917608,28.2528418444569,-0.254256320381005,736.276643692843,10.4,-53.9882909101057,1.32378197652859,880,419.825977753156,87.9,16.3692531024838,62.4420226939689,44.356,225048008,2.38702,8.290855733,25.1975719602112,94481.00000000007,Indonesia
2004,256836875295.452,44.6276159754602,28.0658265856536,0.738243979887563,774.982863017479,12.5,-50.1742911075702,1.27101139474106,1060,464.715295314152,89.0,11.8522340487504,64.3164471823184,45.149,227926649,2.60029,13.42692564,24.8275783674222,105921.00000000006,Indonesia
2005,285868619196.085,46.5410588710711,27.4075074800459,2.91611483313067,778.643103213409,15.0,-55.914624816494,1.28380661170743,1200,490.714212853765,84.8,11.1637353072634,64.9962452984458,45.942,230871650,3.60202,20.5021492,24.3871802453844,113291.99999999994,Indonesia
2006,364570515618.358,46.9435587410795,27.5375740802453,1.3479426406893,786.463974188992,18.5,-70.8317495454458,1.32525502272966,1350,505.813910645093,90.6,11.0737044607431,65.1770813902277,46.738,233951652,4.76481,27.52533357,23.8860554289587,118335.9999999999,Indonesia
2007,432216737774.861,46.7991415207073,27.0484127487931,1.6030105718879,772.487879422196,23.0,-74.0946324572424,1.32086532413059,1570,535.352859530782,91.1,10.7202903954246,64.5846374090852,47.535,237062337,5.78627,39.76307645,23.3156711321389,126911.9999999999,Indonesia
2008,510228634992.255,48.0607447690175,27.8142729854304,1.82632902403999,777.617865858864,28.45,-73.6338643639194,1.29735043016571,1900,558.932262162532,92.7,10.108085664921,63.8070770740834,48.335,240157903,7.91748,59.08224127,22.6167038013704,134231.9999999999,Indonesia
2009,539580085612.401,47.6521225811621,26.3554745271064,0.903919419654062,829.998798454213,34.2,-74.3997566461944,1.26698625068088,2110,582.711058646864,93.6,9.59853036855601,65.5207245811215,49.134,243220028,6.92,67.92102195,21.7298298830988,141726.9999999999,Indonesia
2010,755094157594.524,42.7758663362749,22.0386285924438,2.02517914576708,861.154360278094,40.6,-79.04613071007,1.26054140134601,2490,624.440425205266,94.2,9.39825041972254,67.1547878248677,49.914,246305322,10.92,86.58861927,20.5957258237696,153802.99999999997,Indonesia
2011,892969104529.572,43.9134234267133,21.7608545038476,2.30298429390257,819.014453808223,46.6,-106.708155531383,1.27668830646548,2960,668.408941399422,94.8,9.08966998696958,65.3021441970397,50.595,249470032,12.28,101.095073,17.9185723142468,166747.99999999994,Indonesia
2012,917869913364.917,43.5937444233376,21.4509550553875,2.30978031844954,838.871821669715,52.6,-107.211073417706,1.28583816632167,3520,721.048925790129,96.0,8.92216167574864,65.3447506537263,51.276,252698525,14.52,112.6850884,19.553351601333,182208.00000000006,Indonesia
2013,912524136718.018,42.6356774375889,21.0286886817218,2.55135633401058,850.157168896871,58.1,-112.283750758322,1.24038001568984,3670,761.747589480933,96.5,9.58290898990834,65.2656868066395,51.955,255852467,14.94,123.6702315,20.1029935644832,194894.99999999997,Indonesia
2014,890814755511.014,41.9283421270033,21.0751760505565,2.81997260419232,871.119668503777,63.0,-103.091329547663,1.17536091203837,3570,800.150962579781,97.0,9.40116554617424,66.089475456589,52.635,258877399,17.1432,127.0667453,18.5354648917633,207141.00000000003,Indonesia
2015,860854232717.718,40.0478624042506,20.9857874310206,2.29761639372032,,67.3,,1.12233981761262,3390,910.0,97.5,,,53.313,261799249,22.0627,130.8216306,18.6712786457665,238237.31659,Indonesia
2016,931877364034.196,39.3084439802081,20.5229746805052,0.48737247137071,,71.6,,1.0744882002252,3370,956.0,97.6,,,53.989,264627418,25.4474,147.24962,19.1310042759597,252983.811608,Indonesia
2017,1015618744168.08,39.3791548040237,20.1600223614347,2.01948919810922,,75.5,,1.02232939771064,3490,1021.0,98.1,,,54.659,267346658,32.3358,164.5351584,16.9555634840925,272960.937818,Indonesia
2018,1042271532953.49,39.7297374523848,19.8631933835963,1.81428979355558,,78.9,,0.969743409524713,3810,1064.0,98.5,,,55.325,269951846,39.9046,119.6084851,18.4371895829409,287228.764144,Indonesia
2019,1119099871385.79,38.9517679950779,19.7035390875513,2.23336204275137,,82.1,,0.935604959235128,4020,1084.0,98.9,,,55.985,272489381,47.6906,126.5946679,19.4270918962783,295378.489004,Indonesia
2020,1059054842711.55,38.2383937187942,19.8664218856304,1.81058402024892,,84.8,,0.849801187379341,3850,,97.0,,,56.641,274814866,53.7265,130.8110952,17.8814994983985,,Indonesia
2021,1186509691070.97,39.8448191919686,19.2434077817738,1.78785563147915,,87.2,,0.704601321926319,4130,,99.2,,,57.29,276758053,62.1045,133.6505363,,,Indonesia
2022,1319076267291.51,41.4300472451885,18.3365234606157,1.87267638101123,,89.1,,0.746050469653246,4520,,100.0,,,57.934,278830529,66.4846,114.9005566,,,Indonesia
2000,1731198022.46763,16.4770694017999,8.71088702828675,1.95760389973722,,1.3,,1.67898547843134,280,,42.6,,,21.977,5431212,0.111044,0.233499231,28.820009114765,,Lao PDR
2001,1768619058.34647,16.9937147919347,9.1444310735075,1.35157901983043,,1.4,,1.64839890567014,300,,45.3,,,22.993,5521482,0.181664,0.535263919,28.8274106843826,,Lao PDR
2002,1758176653.07746,18.3826897329941,10.1492602809144,0.253176893420544,,1.5,,1.60628714871708,310,,46.3,,,24.044,5610889,0.267899,0.983928046,28.8952739905149,,Lao PDR
2003,2023324407.28414,20.1201441501939,9.81210926959904,0.962969691363711,,1.6,,1.53964095162728,330,,48.0,,,25.126,5697945,0.333912,1.97352289,28.9554957475365,,Lao PDR
2004,2366398119.86321,19.3595097686057,10.09899321317,0.714895049062071,,1.8,,1.45793744820894,380,,53.5,,,26.242,5781626,0.361434,3.539963389,28.9399726698219,,Lao PDR
2005,2735558734.7379,23.2287895606829,9.64161022318721,1.01332132437858,,2.0,,1.50884118892528,450,,57.2,,,27.186,5869523,0.850357,11.23409141,28.7806014717458,,Lao PDR
2006,3455030060.9785,26.1754512486046,9.455624322685,5.42138961728604,,2.3,,1.58338798520366,500,,57.0,,,27.748,5963200,1.16989,16.97720022,28.4053138984033,,Lao PDR
2007,4223152739.04052,25.3930205228552,10.0618302002961,7.66062749777557,,2.5,,1.54812352499039,600,,55.0,,,28.316,6056236,1.64,24.47150868,27.7775269837477,,Lao PDR
2008,5446433157.40114,26.9497231702456,10.0831015739329,4.18200303606929,,2.9,,1.5195940495706,740,,66.0,,,28.893,6148969,3.55,32.95597261,26.8823653754409,,Lao PDR
2009,5836137329.63305,25.163093788149,11.6792654656985,5.45905949594973,,3.2,,1.49588633029834,880,,67.4,,,29.475,6241642,6.0,51.92100072,25.7049537211446,,Lao PDR
2010,7131771014.70456,30.4660210858755,11.0944103727538,3.90935018167503,,3.5,,1.47192872108695,990,,70.2,,,30.064,6334194,7.0,63.31061777,24.2304166685204,,Lao PDR
2011,8750104617.17303,30.815970194642,10.6713661460928,3.43702755895922,,4.0,,1.44814949802327,1130,,70.0,,,30.66,6426590,9.0,85.42039479,20.5789011650413,,Lao PDR
2012,10192846339.4029,32.4366446720109,8.98377274194291,6.06067602678934,,4.3,,1.42735442034268,1350,,76.4,,,31.264,6518978,10.7477,66.06436451,22.4365696992954,,Lao PDR
2013,11983252626.5452,30.4277075542967,8.43540228331074,5.68624628337024,,4.8,,1.40755477426746,1590,,79.3,,,31.872,6611385,12.5,69.88020438,24.2423626108046,,Lao PDR
2014,13279245886.3854,28.815000545489,8.42769528413766,6.53385086120159,,5.2,,1.37876842701215,1810,,82.5,,,32.487,6703172,14.26,69.02215871,21.3928997917018,,Lao PDR
2015,14426380125.6488,27.6933442499915,8.19005219527172,7.47075777292731,,5.8,,1.45836474920589,1960,,89.7,,,33.108,6801645,18.2,54.91280264,20.1670988613747,,Lao PDR
2016,15912501722.6143,28.7595046372574,7.77156382707168,5.87774436155716,,6.2,,1.56317561333482,2110,,89.0,,,33.736,6908802,21.87,57.44162039,22.463787282601,,Lao PDR
2017,17071155481.4994,30.91247539947,7.48353451889534,9.91778683507173,,6.8,,1.57029722559747,2240,,93.6,,,34.368,7018147,25.5104,53.04168369,19.1515982168711,,Lao PDR
2018,18141641089.7963,31.533192488879,7.45272743973651,7.4856486219066,,7.3,,1.55377801997365,2460,,92.9,,,35.004,7128045,36.3,51.54585373,20.9840690040935,,Lao PDR
2019,18740561512.5555,31.531381987864,7.64369194070959,4.03149139231071,,8.0,,1.52576304616693,2520,,98.4,,,35.645,7237636,47.0323,64.29411986,22.4289603771825,,Lao PDR
2020,18981805250.2424,32.4163678323352,7.68478649420094,5.09807193491087,,8.7,,1.49338675171473,2470,,99.3,,,36.29,7346533,54.0,63.34796067,22.3176670505669,,Lao PDR
2021,18827148530.9347,34.1299777246213,8.69509978976757,5.69344695957329,,9.4,,1.44141640887407,2500,,100.0,,,36.939,7453194,62.0,64.95535792,,,Lao PDR
2022,15468785203.7532,34.1089797342112,8.80581309491413,4.69509225789708,,10.2,,1.40971670105791,2300,,100.0,,,37.592,7559007,66.1548,,,,Lao PDR
2000,93789736842.1053,48.3205714911013,30.8635497655731,4.03842862393764,2128.59533531617,97.8,-58.6133137909066,2.34480241175698,3490,2774.14273956218,98.6,7.99942242437369,94.9730969134974,61.977,22967816,21.3847,22.32170197,23.5136706210687,63716.000000000065,Malaysia
2001,92783947368.4211,46.2026949988513,29.3364040399457,0.597029318252079,2162.6181888725,98.0,-54.0123700348272,2.40351289519482,3570,2779.75450531651,98.6,8.00039390017444,95.1780638263954,62.922,23526538,26.696,31.36877845,23.3307924792576,65398.00000000007,Malaysia
2002,100845526315.789,45.1153796974529,29.2463982171795,3.16612432250471,2181.9827065907,98.1,-55.0893697248292,2.41855547054066,3810,2832.94534416525,98.6,8.00010774555886,95.6284197268942,63.856,24102477,32.3382,37.49827327,23.2129752557118,68281.00000000003,Malaysia
2003,110202368421.053,46.5786626994835,29.9286718930962,2.92094209456765,2283.09281486792,98.1,-50.6956753599229,2.36624571909165,4170,2916.94331213283,98.7,8.00061170653379,95.9911100418413,64.78,24679602,34.9712,44.96469217,23.1072146751735,71989.00000000001,Malaysia
2004,124749473684.211,48.5303176049683,30.3781473606048,3.50787262049413,2399.18486020304,98.1,-52.0792254693467,2.31172452935085,4720,2976.54823031225,98.7,8.00034028486705,96.2164669700382,65.694,25256772,42.2523,57.67519655,22.9605064623849,75177.99999999999,Malaysia
2005,143534405818.501,46.3683224854575,27.5496800827112,2.73438734940078,2544.0910113616,98.0,-45.3960406342887,2.26772984873607,5240,2857.55523740432,98.7,8.00019353355993,96.8270839757407,66.594,25836071,48.6292,75.39480725,22.7198463420882,73827.99999999987,Malaysia
2006,162692258307.056,46.5156572562267,27.5660875626692,4.72716484834358,2501.712607156,97.8,-40.7188250642881,2.22705351047756,5790,3040.51316097727,98.8,7.99955471446065,96.6940755469026,67.483,26417909,51.638,73.42192752,22.1459745460658,80323.99999999988,Malaysia
2007,193549569477.733,44.5959960321039,26.1225839420447,4.68684578287436,2680.57790411124,97.5,-28.3541407341323,2.17350461828888,6560,3239.19327186522,98.9,7.99971286763198,96.9448283252121,68.36,26998389,55.7,86.17480992,21.1584955616188,87452.99999999997,Malaysia
2008,230811614370.384,45.1050654004356,24.5607176579228,3.28081949125174,2744.00801971443,97.2,-26.9661623574635,2.09531674831339,7420,3246.27524373452,99.0,7.99991820124539,96.7602257708384,69.225,27570059,55.8,100.1760536,19.9427014967672,89500.00000000009,Malaysia
2009,202257453036.641,40.9678238412473,23.8001450501293,0.056692316075743,2555.84477857923,96.9,-24.7207893952925,1.99206021194285,7500,3887.46179614289,99.3,5.67485323655423,96.6643483947923,70.075,28124778,55.9,106.8284441,18.6838844595312,109334.00000000003,Malaysia
2010,255017638455.59,40.4989323548818,23.4337755680919,4.26864663854031,2560.80226199423,96.5,-21.7027753593753,1.87040612656176,8130,4080.74797904618,99.5,6.16896126168,96.896213032511,70.912,28655776,56.3,117.9017242,17.5673365579308,116937.00000000001,Malaysia
2011,297951668674.835,39.8242687277964,23.3202044896916,5.07446032143377,2623.8471185091,95.9,-14.7370616925982,1.75128008243176,8890,4030.71952547625,99.5,9.35292980081222,96.81165029369,71.609,29162039,61.0,125.6206583,16.5543727413676,117543.9999999999,Malaysia
2012,314443047642.111,40.1350010090069,23.1381762920437,2.8290573817453,2624.83537056864,95.2,-11.868809790613,1.70269513202166,9980,4251.58340415991,99.8,6.22111756870391,96.7402331937941,72.275,29662831,65.8,139.3270554,17.9101382186238,126114.0000000001,Malaysia
2013,323276235524.415,39.8853736547897,22.8407424205833,3.49431175959971,2909.99247206187,94.5,-5.76051303676827,1.70946282045073,10590,4414.68913990117,99.6,3.84971231965767,96.7518810939698,72.93,30174265,57.0575,142.7087288,18.7954198873143,133209.99999999997,Malaysia
2014,338066095097.254,39.9244244845871,22.8739302431305,3.14122940365348,2922.28592151514,93.5,-5.50502894059521,1.7147407282165,10840,4526.23729168266,99.7,5.79240382724505,96.6281988978081,73.577,30696137,63.6654,146.794505,17.1052502297433,138937.99999999988,Malaysia
2015,301355266964.947,38.4496697879603,22.2932974814824,3.27094402931735,,92.7,,1.73319445645586,10350,,99.9,,,74.213,31232798,71.0641,141.9557664,16.9297330913892,,Malaysia
2016,301256033870.334,37.6832735037439,21.7969514793711,4.47130958598651,,91.6,,1.76731054757933,9800,,99.9,,,74.84,31789685,78.7883,137.8669153,16.3864419259472,,Malaysia
2017,319109094160.343,38.1147163565611,21.8461598838126,2.93582038058561,,90.7,,1.76466064017847,9560,,100.0,,,75.447,32355644,80.1405,132.4079212,14.9450075810201,,Malaysia
2018,358788845712.53,38.2914391724977,21.5281592651946,2.31458721219734,,89.5,,1.70174731907235,10200,,100.0,,,76.036,32910967,81.201,130.908501,16.6541753286852,,Malaysia
2019,365177721021.516,37.4765552390649,21.4089982975331,2.50697705748044,,88.2,,1.59646653343981,10750,,100.0,,,76.607,33440596,84.1871,135.9610804,17.8197510834605,,Malaysia
2020,337456163961.211,35.9347385342535,22.2320775941863,1.20275464255821,,86.9,,1.33363323143911,10110,,100.0,,,77.16,33889558,89.555,131.6976181,16.1938532237922,,Malaysia
2021,373784823672.946,37.6826861838931,23.363165635524,5.41625984914692,,86.0,,1.15251304394292,10520,,100.0,,,77.696,34282399,96.7514,140.5905675,,,Malaysia
2022,407605841348.235,39.0948343009769,23.3311324135913,3.68689336269238,,84.1,,1.1977720012836,11610,,100.0,,,78.214,34695493,97.3986,141.2923164,,,Malaysia
2000,8905066163.58643,9.69226113586128,,2.86117768008645,283.550199476314,2.0,-20.0640122620477,1.11707426022512,190,77.6315900161801,41.9,31.3012895662368,27.18147716903,27.025,45290841,,0.029419172,39.5272329221873,3516.0000000000005,Myanmar
2001,6477790688.22844,10.5804943321805,,3.21565753506977,274.183672816182,2.2,-26.4016292342948,1.05489130356671,190,70.5466385706504,43.0,31.1367029217317,23.6261762134693,27.208,45771139,0.000289277,0.049268903,39.7428390610683,3229.000000000001,Myanmar
2002,6777632512.0781,13.0068954922166,,2.22070502562137,280.615196363488,2.5,-26.8298777862865,1.00325836797547,170,75.3579942730087,47.0,31.2549329123915,24.0738623903879,27.391,46232653,0.000426494,0.103230987,40.1768875885917,3483.9999999999986,Myanmar
2003,10467109977.6717,14.2582573952557,,2.3777576671811,301.526091392,2.9,-30.3798505561929,0.93550676889734,190,82.477642965962,45.1,29.0506912442396,27.1169855741187,27.575,46667192,0.0240641,0.141753867,40.6510344092112,3848.9999999999986,Myanmar
2004,10567354056.4049,16.3663619555986,,2.0001628964787,315.405275497733,3.4,-36.4349797608593,0.856837524813252,230,83.0699385996303,46.2,30.2906043858085,30.1346938673784,27.76,47068772,0.0243374,0.195300032,40.9869354273807,3909.999999999998,Myanmar
2005,11986972418.5103,17.512204636055,,1.95966396539679,314.009135854492,3.9,-49.5520700748116,0.78215232398828,280,77.2370632925481,47.3,39.0957446808511,29.4773524309751,27.946,47438365,0.0652389,0.269672968,41.0062465475539,3663.9999999999986,Myanmar
2006,14502553709.8303,19.2372930203744,,1.90182128285749,316.144215141382,4.5,-50.4953996804394,0.728331835978341,300,91.1371287326069,48.4,29.3478260869565,29.8155940222125,28.132,47785135,0.182048,0.445459947,40.5461049761885,4354.999999999999,Myanmar
2007,20182477480.5512,20.4091296662276,,3.5175166973129,325.701090802142,5.4,-50.7192916542339,0.708807824555326,360,92.238878622924,49.5,30.6297859040475,31.7040885638914,28.319,48125043,0.217128,0.511172861,39.5962241482972,4438.999999999998,Myanmar
2008,31862554101.9378,22.6658154224732,,2.71127181000311,312.261921394841,6.4,-50.0477876394336,0.550688224031359,490,97.1465791023511,50.6,29.009362730293,28.4497335049921,28.507,48390793,0.22,0.753933666,38.2071243111665,4700.999999999998,Myanmar
2009,36906181380.8127,24.5320050982062,,2.92355415980151,294.199053897128,7.6,-54.0043312798301,0.555720175554536,660,102.60897867815,51.8,28.3026995979322,23.2788653089046,28.695,48660459,0.22,1.024169005,36.4293257120831,4992.999999999993,Myanmar
2010,49540813342.4834,26.4680642743774,19.8620828512879,1.81897202342465,286.00283018356,9.1,-60.8937365310255,0.745099607969388,880,128.30350416248,48.8,16.6114278138672,21.2235591585033,28.885,49024382,0.25,1.202648548,34.3133485983332,6290.000000000011,Myanmar
2011,59977326085.9908,31.2916488307023,19.721311969926,4.20127651183029,289.844135409639,10.9,-58.2463682570112,0.803379211413432,1040,159.288317925885,54.1,20.2269963518443,20.8796747008265,29.075,49419820,0.98,2.497501633,29.4854398392347,7872.000000000009,Myanmar
2012,59937796648.2158,32.3730207966326,20.0923540449082,2.22540068514517,314.155765526187,13.1,-46.2835353583934,0.841507088171189,1170,160.943239346575,55.3,25.2609019754007,26.9294381626906,29.266,49837446,1.4,7.426825561,33.179223857355,8021.000000000007,Myanmar
2013,60269732854.827,32.3622196006021,19.9159137514953,3.74085607932619,330.502139381487,15.3,-39.8198016411833,0.849578652965248,1260,191.235409794683,56.5,21.5154731771046,30.7299531252145,29.457,50262658,1.8,13.48984154,35.1664986630794,9612.000000000002,Myanmar
2014,65531374199.6742,34.4897147952284,19.9307583033683,3.31904421407349,380.985920856459,18.0,-32.9707940690214,0.830118073348831,1260,222.092286921925,52.0,20.4916295825387,44.2898952399838,29.65,50681634,7.4,56.83954844,31.2218892689358,11255.999999999989,Myanmar
2015,59607290407.5944,34.4688212621645,20.8081418827965,6.85124098711179,,20.9,,0.800670952631538,1230,,60.5,,,29.858,51089056,10.9,79.62426697,29.9150539220144,,Myanmar
2016,63298361996.2153,34.8095048832944,22.7953506749618,5.17880132517466,,24.3,,0.792792538685626,1230,,55.6,,,30.082,51495696,16.0,97.48338233,31.1703866445543,,Myanmar
2017,66053040483.0016,36.8009211203558,24.0940353438783,7.27335555212816,,27.9,,0.772302033467657,1230,,69.8,,,30.322,51894938,23.6211,91.69666523,28.1336717956987,,Myanmar
2018,67860515989.517,36.9634615021809,24.9118739981676,2.60563229851106,,31.9,,0.72443284342539,1310,,66.1,,,30.579,52272247,33.7204,116.0975729,31.5559916967562,,Myanmar
2019,75065106227.6892,38.4126110918443,25.3200721248355,2.31211211194364,,36.1,,0.702425162747352,1380,,68.3,,,30.852,52640713,48.1377,154.4969145,32.1642279603857,,Myanmar
2020,79006113643.1906,37.5439155484288,25.4520380861397,,,40.75,,0.711376906349628,1320,,70.4,,,31.141,53016522,41.95429049,147.0303762,32.3150340028667,,Myanmar
2021,66345291160.1683,37.3108899934826,25.6374529176866,,,45.9,,0.696558038955431,1240,,72.5,,,31.448,53387102,44.02167324,126.2686102,,,Myanmar
2022,62253049891.6449,38.2471357653023,25.559555440961,,,50.7,,0.690074759264932,1290,,73.7,,,31.771,53756787,,106.6964737,,,Myanmar
2000,83669788254.7279,34.9752844865482,25.2795652869319,1.77722452873062,502.227285598337,38.5,51.1164465498128,2.37926588939747,1150,489.102741930442,74.7,14.0097151689115,53.0686072962105,46.135,79625397,1.98225,8.27925362,31.5189595125717,38944.99999999999,Philippines
2001,78921234457.5487,34.8976152580491,25.3115458938417,0.96298544393499,470.398858065101,39.1,52.029448462618,2.20604531885261,1140,507.816269894231,75.7,12.1424017003188,54.304902746892,46.05,81401488,2.52401,15.27032611,31.2923190881475,41337.00000000001,Philippines
2002,84307345887.543,34.78343526285,25.135408678046,2.09827504516588,467.257808154868,39.9,48.206693529935,2.02766985591781,1110,511.587436783944,76.7,12.3176594383808,55.872919631993,45.965,83068889,4.33228,18.92463893,31.05570387518,42496.99999999996,Philippines
2003,87039092974.2272,34.5405640298629,24.8368726452881,0.565263243432102,459.257751233642,40.0,47.0869141582647,1.98211355051959,1150,544.423474364741,76.6,12.8636191915376,57.2156239264721,45.88,84731835,4.85767,27.13864248,30.7743493607566,46129.99999999996,Philippines
2004,95001999685.3314,33.6186962072883,24.0119978825828,0.623144777963454,448.979705931294,40.2,46.162087307456,1.94326756715565,1260,564.040508873111,87.6,12.9152742284254,56.3830346446124,45.795,86394504,5.24363,38.92784282,30.4134910319648,48730.00000000002,Philippines
2005,107419977318.166,33.8136763053241,24.2699011657558,1.54906009249231,441.438224580219,40.4,44.9314336557144,1.85941217176991,1350,565.23838255611,79.8,12.0511959269539,57.8125893578486,45.71,88015962,5.39764,40.31821357,29.9383643758918,49750.00000000004,Philippines
2006,127652926368.069,33.4625853303804,23.8291853953244,2.12091886479217,430.899507676246,40.4,44.5371195770904,1.68208380821541,1470,557.463582483216,80.2,12.1251078667911,56.182376080838,45.625,89508986,5.74059,48.76907405,29.1782265763242,49898.00000000002,Philippines
2007,155980408673.403,33.000860932449,23.1509115996374,1.87121245887706,424.339806988477,40.3,42.7132748236556,1.73463407300361,1680,570.989787953654,82.0,12.7627451309322,57.2748354547926,45.54,91075184,5.97,64.02850974,28.0341722365094,52003.000000000015,Philippines
2008,181624626327.361,32.765288410954,23.2686676777552,0.737800589215247,432.636985290957,40.3,42.7193782569615,1.76733466433421,1970,573.263417512328,83.3,12.6272175728778,57.6297547713247,45.455,92699095,6.22,74.64704735,26.5791929727268,53140.99999999996,Philippines
2009,175974755881.372,31.5225426812628,21.7386143914197,1.17324821246427,404.586633892837,40.2,38.5416053995477,1.801550616238,2130,576.600439162254,84.3,12.1105925291904,56.2629237068097,45.371,94384250,9.0,81.32235128,24.8862804012556,54421.99999999998,Philippines
2010,208368893151.144,32.3395560456604,21.9192017163827,0.513698049517663,419.330927718675,40.1,41.7086473654964,2.04795425200975,2310,622.210803986521,85.5,11.5142747483098,60.1111697621336,45.332,96337125,25.0,87.86246562,23.0284261383751,59941.99999999997,Philippines
2011,234216730295.938,31.3386827822291,21.7043269521461,0.856963002969068,413.916475198317,40.5,40.9232733793136,1.96473852483036,2450,625.922315809972,87.2,11.1021163409275,59.8809862216574,45.522,98248614,29.0,97.77022573,20.2762007200701,61496.00000000004,Philippines
2012,261920540972.102,31.3994933621089,21.3285712085069,1.2276300069868,431.789367844708,40.9,41.8019156799092,1.94226237851608,2780,644.478862259272,87.1,11.4644615405713,59.4838029356379,45.712,100175512,30.8,104.0252318,21.8351961883251,64561.000000000044,Philippines
2013,283902828581.65,30.7754466321992,20.4344987662807,1.31642638381475,438.83582380935,42.0,45.3248865999998,1.87971579705684,3060,661.514731484876,87.5,10.2848563760529,61.4121390511965,45.903,102076336,32.7,103.1328562,22.7402636854564,67524.99999999999,Philippines
2014,297483555344.802,31.0474444746342,20.5750839902722,1.92937522797834,459.424559588378,42.9,45.7680030829921,1.64283283802775,3220,674.510319404613,89.8,9.40954155988714,62.4348962921868,46.093,103767130,34.7,109.8700461,20.3368824432152,69992.0,Philippines
2015,306445871246.718,30.4819509830595,19.9280223739769,1.84018010715303,,44.2,,1.47875384302116,3280,,89.1,,,46.284,105312992,36.9,114.3710694,19.7079275985218,,Philippines
2016,318627003012.52,30.2859171676697,19.5903031996457,2.59850803497646,,45.7,,1.34190709540685,3350,,92.0,,,46.475,106735719,39.2,114.5140314,19.9069716374648,,Philippines
2017,328480736798.792,30.1265505771364,19.5002020560488,3.12238778408668,,47.8,,1.28830186666283,3440,,93.0,,,46.682,108119693,41.6,112.3979818,18.3327018141416,,Philippines
2018,346841896583.515,30.5637401551561,19.0982471670238,2.86833826073638,,49.9,,1.23686033319068,3610,,94.2,,,46.907,109465287,44.1,123.9757392,20.5885077839401,,Philippines
2019,376823402244.928,30.3275078789962,18.5164544000114,2.30117498594757,,52.3,,1.21615534645287,3760,,95.3,,,47.149,110804683,43.0266,151.5865313,21.5254371973976,,Philippines
2020,361751145451.597,28.3999175850521,17.6581790478661,1.88586363211171,,54.6,,1.1455140860985,3350,,96.4,,,47.408,112081264,53.7649,133.3257005,20.2887417122616,,Philippines
2021,394087359848.11,28.8898091185459,17.6400846961045,3.04078855310047,,56.9,,0.905660310915421,3570,,97.5,,,47.684,113100950,63.4019,143.4358742,,,Philippines
2022,404353369604.631,29.2212399364338,17.2293794131524,2.3475097233369,,59.1,,0.760479216015364,4010,,94.8,,,47.977,113964338,75.2111,144.0428223,,,Philippines
2000,96076539925.7409,32.4585044954973,25.8614860377559,16.148890451527,4634.72585005488,100.0,98.9178093257436,1.73204223254257,23680,7575.43595438502,100.0,3.63808621506395,98.9178093257437,100.0,4027887,36.0,67.77675756,19.7999719213474,30513.000000000015,Singapore
2001,89793790669.6515,30.3796610759446,23.3946978474146,18.9398606857353,5145.88575383542,100.0,98.1682125594019,2.69735584326358,22130,7516.16960028149,100.0,6.00501677294569,98.1682125594019,100.0,4138012,41.6704,72.58809459,19.3142628589039,31102.000000000007,Singapore
2002,92538372869.6942,30.7456754181249,24.7376403229729,6.65366588247058,5065.98450651947,100.0,98.1562254523666,0.912639805776796,22000,7756.31892144302,100.0,6.56012000923148,98.1551193464635,100.0,4175950,47.0,79.3192099,18.5842525658608,32389.99999999998,Singapore
2003,97646401095.6369,30.2248029160952,24.7654126931969,17.4624153696896,6216.7391768206,100.0,98.404252408056,-1.47453284191939,23440,8113.5873060003,100.0,5.50775500962301,98.4042484988742,100.0,4114826,53.8379,84.63439691,17.7392806593529,33385.999999999985,Singapore
2004,115033593101.049,31.8858938554669,27.1193675970643,21.2027237505542,7370.65287721784,100.0,98.7137424288612,1.2519166730553,26170,8314.32532116821,100.0,5.88954388633832,98.7137391727025,100.0,4166664,62.0,93.4502185,16.908686756515,34643.000000000015,Singapore
2005,127807848728.398,31.4076522049802,27.0767617982071,15.1133588478776,5055.96631973373,100.0,98.172203063037,2.35051128857175,28830,8678.16816784434,100.0,3.1245911077382,98.1711273728879,100.0,4265762,61.0,100.9198005,16.221810474482,37019.00000000001,Singapore
2006,148627286361.351,30.8942965496098,26.5780059858028,26.3271523046736,5264.39865814355,100.0,98.302365849048,3.1293891560754,32550,8720.02208405801,100.0,2.6925612291466,98.3013645776058,100.0,4401365,59.0,106.7315594,15.6032041493169,38379.999999999985,Singapore
2007,180941701357.97,28.2257709638809,23.8226519045272,26.1619888768056,4677.2043057151,100.0,98.1287043989523,4.16600286360933,36010,8706.57906694396,100.0,2.87360513456349,98.1286997395141,100.0,4588599,69.9,127.0378465,14.9552764832534,39950.999999999985,Singapore
2008,193617323539.203,26.4153381596662,20.5856649738484,7.02328608228291,5094.13571445693,100.0,98.2467607800251,5.32151708302623,37230,8401.04839529561,100.0,2.54332766018649,98.2467526672708,100.0,4839396,69.0,132.5809637,14.3741516426824,40655.99999999999,Singapore
2009,194150283771.566,27.0163193688262,20.2733764290735,12.0710944143275,4257.77627715925,100.0,97.9328422483174,3.0159499147579,37320,8114.36744885739,100.0,1.79087092625397,97.9328422483173,100.0,4987573,69.0,137.4018501,13.9559537939949,40471.0,Singapore
2010,239807980591.24,26.6358717243037,20.7738330253125,23.0694716770803,5006.62099161429,100.0,97.6880328585997,1.77183287926401,44930,8679.99335005275,100.0,2.85487533343621,97.6880328585997,100.0,5076732,71.0,143.0129038,13.796807103582,44065.99999999999,Singapore
2011,279356499090.458,25.2595925808817,19.5825515079778,17.5960314065855,5069.17179429009,100.0,97.7014427633591,2.08490245606007,48250,8651.75527539466,100.0,2.54248337607023,97.7014503745766,100.0,5183688,71.0,147.5817519,15.5030932335334,44847.99999999999,Singapore
2012,295092888076.589,25.0222021555412,19.1168219800662,18.7435244231802,4898.33046490716,100.0,97.6089951637979,2.45339033031018,51710,8673.98521620115,100.0,1.89691511783867,96.3290893976468,100.0,5312437,72.0,149.9274113,16.9223599271481,46079.99999999999,Singapore
2013,307576360584.992,23.4427286283197,17.6384096148755,20.9344810446532,4880.40607042352,100.0,97.5551670519087,1.61930809858875,54470,8680.60636076487,100.0,2.29523233755134,94.0061562567706,100.0,5399162,80.9021,154.0346262,18.076662563077,46867.99999999998,Singapore
2014,314863580758.455,24.1685192477514,17.9997688921285,21.8184880782679,5121.80431773157,100.0,97.6820012924571,1.29844017799226,56380,8844.68759301201,100.0,2.02916160388821,90.5788735805032,100.0,5469724,79.0292,145.4770145,17.2816885850335,48378.00000000002,Singapore
2015,307998545269.398,24.2880229055028,18.0893298548734,22.6541826890492,,100.0,,1.18637693749822,53160,,100.0,,,100.0,5535002,79.013,145.7181198,17.1833032960407,,Singapore
2016,319053943915.005,23.2451586103696,17.4744213597612,20.4865236102582,,100.0,,1.29743609938602,53310,,100.0,,,100.0,5607283,84.4523,148.123236,15.900294890346,,Singapore
2017,343257164581.712,23.525059681983,18.5683328115467,29.7636517525701,,100.0,,0.0885954699924263,54920,,100.0,,,100.0,5612253,84.4523,145.4058271,16.0768840541767,,Singapore
2018,376892697588.005,25.3939316090861,20.7284988237868,21.7592915016982,,100.0,,0.469704298714121,56550,,100.0,,,100.0,5638676,88.1656,147.3617155,15.9768571619193,,Singapore
2019,376901649222.451,24.0213523823824,19.3638513330846,28.0949935764636,,100.0,,1.14428330688929,58810,,100.0,,,100.0,5703569,88.9493,154.0006188,17.0759063187283,,Singapore
2020,349488382610.662,23.2086930878604,19.6271161695532,23.1003005183608,,100.0,,-0.311904961250833,55290,,100.0,,,100.0,5685807,92.0043,142.8931601,13.8691955865476,,Singapore
2021,434111559282.849,24.2773628887138,20.2841459034003,31.6207400179128,,100.0,,-4.17033630017526,64970,,100.0,,,100.0,5453566,96.9247,147.480416,,,Singapore
2022,498474540987.78,23.7466066693208,19.7232543845557,29.8437975950876,,100.0,,3.30862052439523,66970,,100.0,,,100.0,5637022,95.9539,156.4790531,,,Singapore
2000,126392224253.794,36.6694083813627,28.375445282081,2.66312868727133,1147.24405218622,61.1,39.2024795179426,1.13127017975852,1980,1446.80465431153,82.1,7.90814465965804,78.7434647365086,31.386,63007815,3.68904,4.845670931,40.3912275638682,91159.99999999983,Thailand
2001,120296476180.402,36.3210034946673,27.8267674786216,4.21223509530842,1168.68539717143,62.6,42.0317324965658,1.01584846841136,1960,1502.1097579382,90.4,9.20035149384886,81.1944035340356,32.548,63651141,5.55633,11.86176404,40.3506543167023,95611.00000000023,Thailand
2002,134300904400.022,36.8944314471526,28.5150317752876,2.48815301889834,1279.99042486205,63.8,44.1122963334106,0.962026884907362,1980,1612.59912386305,91.0,7.26151926834414,81.9283608360686,33.734,64266437,7.53125,27.17095763,40.4326952705377,103635.9999999999,Thailand
2003,152280615245.887,37.9181748920386,29.5805029456399,3.43593984811892,1373.72755382047,64.9,44.6532296781099,0.931947504633534,2170,1705.21238414541,91.6,7.31046391356009,82.0314704145956,34.941,64868166,9.29903,33.37129642,40.5281267680848,110614.00000000022,Thailand
2004,172895685154.658,37.9023024950671,29.4189680545022,3.38947495269123,1471.23364988111,65.9,46.7614104844669,0.896077275303913,2520,1814.48870499039,92.2,7.93862893411916,82.0571987898801,36.169,65452047,10.6773,41.28780674,40.5277251520537,118762.00000000013,Thailand
2005,189318408468.595,38.5052107116361,29.6150680597619,4.33958708070528,1499.68662816572,67.1,44.2573813265739,0.860087894461849,2770,1897.36284756357,92.8,8.10532765493922,81.8133037575854,37.411,66017420,15.026,46.27713253,40.3222667651549,125259.00000000019,Thailand
2006,221758296021.621,39.146855883906,30.1680799710117,4.0212567065949,1516.59361395567,68.2,43.2014830917299,0.83006330336846,3070,1982.50842033914,99.1,8.05812227011287,81.5614334816661,38.673,66567687,17.1607,60.503253,39.7521062500821,131971.0000000003,Thailand
2007,262942621455.053,39.4313718771557,30.5874496669954,3.28356939351343,1568.26753453834,69.4,42.5213978768523,0.800044180541195,3480,2051.7151742753,94.1,6.46403213882186,81.1523351475608,39.95,67102394,20.03,79.27063763,38.7509301612035,137674.99999999985,Thailand
2008,291382982430.951,39.4796129651304,30.5547305435118,2.93824905393328,1598.66546544113,70.5,39.4074865963685,0.768156179389423,3900,2071.53729904379,94.8,6.07355554651147,80.5707908532285,41.242,67619830,18.2,91.84432107,37.3495127087413,140077.00000000023,Thailand
2009,281710630187.319,38.6085988884387,29.4621400654976,2.27590224065624,1581.02756151253,71.55,39.9980873026562,0.73854268159594,4060,2062.45996099886,99.0,5.91398574066337,80.1335424858594,42.543,68121080,20.1,97.25521206,35.5786281029176,140497.0000000002,Thailand
2010,341104766329.17,39.9217256985357,30.9304788194459,4.32320928209174,1718.30045523698,72.8,40.106779445485,0.670617338343587,4490,2261.21683366738,99.7,6.34457943105026,79.9930566926308,43.856,68579447,22.4,105.0619397,33.4690505539545,155072.9999999999,Thailand
2011,370818739623.622,37.9813982711097,28.9958809244545,0.667087644548593,1705.63030169254,74.0,41.6536780107286,0.621807948253872,4840,2234.47672306928,99.3,6.94463142104352,80.1938891061772,44.698,69007208,23.6699,112.714004,29.0591951880929,154195.0000000002,Thailand
2012,397558325278.579,37.343694137461,27.9727873518431,3.24456444314608,1817.44692796534,75.3,40.214532863582,0.619591346751357,5400,2387.30292707404,99.1,5.69500383582662,80.1621366082619,45.445,69436098,26.46,122.9260548,31.5886298984382,165764.99999999988,Thailand
2013,420333654592.547,36.8985884648101,27.5886907461759,3.79126450872817,1943.10160335625,76.4,42.4731829821318,0.587325698680648,5580,2453.5288180645,99.4,6.06746979468011,80.6669969491399,46.193,69845114,28.94,134.8819857,34.4883511418629,171367.00000000023,Thailand
2014,407339040197.651,36.7630403655124,27.5735009565918,1.22145318013998,1919.15336491277,77.4,41.5681517414252,0.530129864137193,5620,2474.52278469491,99.5,6.11120126106913,79.83902265055,46.943,70216367,34.8861,138.7860081,29.9705384622081,173751.9999999998,Thailand
2015,401296238228.084,36.1791773262667,27.3740711959416,2.22468548959784,,78.7,,0.460976294059414,5560,,99.6,,,47.694,70540795,39.3161,146.4441042,28.1544413826202,,Thailand
2016,413366349747.508,35.586765405076,27.1442393688371,0.843364340718618,,79.8,,0.451266062797186,5550,,99.9,,,48.448,70859841,47.505,169.4859395,30.3985996204755,,Thailand
2017,456356813536.764,35.018759526322,27.0148154805347,1.81550260101987,,81.0,,0.422963510133952,5800,,99.9,,,49.2,71160187,52.8919,171.4147843,27.1006744719071,,Thailand
2018,506754208404.485,34.7424896675041,26.7128343918527,2.71279835138662,,82.2,,0.302929452489855,6430,,99.8,,,49.949,71376079,56.8175,175.8777812,30.0080973964844,,Thailand
2019,543976691793.886,33.5939105133265,25.6215964143658,1.01734877580041,,83.1,,0.204609851692418,7060,,99.9,,,50.692,71522271,66.6524,181.7670258,30.382756547172,,Thailand
2020,500461898480.246,33.2907229678575,25.5553325712421,-0.857989527274493,,84.3,,0.166540794566251,6900,,100.0,,,51.43,71641484,77.8437,162.7043297,31.0072016277159,,Thailand
2021,506256494297.34,35.0496469400617,27.1675994932487,3.03988153625607,,85.3,,0.119758274714782,7090,,100.0,,,52.163,71727332,85.2696,168.7823161,,,Thailand
2022,495645210972.751,35.1520930324896,27.0514900579842,2.39179594101395,,86.1,,0.0111485454856964,7230,,99.9,,,52.889,71735329,87.9772,176.3169269,,,Thailand
2000,31172518403.3162,36.7307753268455,,4.16392407955693,372.450487376476,13.6,-38.9160353951234,1.12950984166849,390,296.860781482897,88.2,13.7683069161553,46.2734873538112,24.374,77154011,0.254248,0.99816152,27.2332642563715,22904.00000000003,Vietnam
2001,32685198808.5549,38.1294216644677,,3.97733545270572,393.045917100693,16.5,-36.3335198640167,1.05123747397877,410,338.145646723974,88.9,13.86238891793,47.913812186498,24.937,77969361,1.26565,1.567564328,27.2724542389611,26364.999999999996,Vietnam
2002,35064105500.8344,38.4866787864761,,3.99268705133996,424.532561122052,19.3,-33.3172614259211,1.02445055878013,430,390.797649689312,89.1,14.0015644206057,52.2715155184712,25.511,78772224,1.855,2.359044585,27.3729160568005,30784.000000000015,Vietnam
2003,39552513231.9169,39.4700078083864,,3.66601229989583,441.290287161707,22.6,-30.3163745821006,0.999847904782733,480,448.105926394118,90.3,12.8821014050092,53.5150715499385,26.092,79563777,3.78028,3.365415447,27.4669078615838,35653.000000000015,Vietnam
2004,45427854693.2554,40.2087495299221,,3.54408107288199,485.041363051563,25.9,-47.7527735517732,0.969589431962946,550,500.367374633165,91.0,13.0061243480707,58.2632847635648,26.683,80338971,7.64241,6.025909442,27.4866878050048,40198.99999999998,Vietnam
2005,57633255738.1992,38.1311399002846,18.8232835631471,3.39040363930871,508.726121851863,29.35,-47.2893012060121,0.928402391177897,650,589.246442949183,96.1,11.6631877143283,60.5328603933172,27.281,81088313,12.7399,11.53831883,27.3645140387577,47780.99999999999,Vietnam
2006,66371664817.0436,38.5847310338981,19.3807256267869,3.61600090432522,514.449018939842,33.1,-46.523327446109,1.32258336381927,740,664.444411909435,96.0,11.3451143107467,60.7242132786692,27.888,82167897,17.2546,22.50396061,27.0007597054278,54596.00000000002,Vietnam
2007,77414425532.2452,38.5116248479069,19.3804144953877,8.65471771434805,543.860534146804,36.8,-38.8398064130833,1.76779845772365,860,743.638529474627,93.1,11.1106136580707,62.7298752297796,28.504,83633375,20.7554,53.11803062,26.3605983485498,62193.00000000004,Vietnam
2008,99130304099.1274,37.0776963788801,18.5796576460957,9.6630390545572,570.996443261552,41.0,-26.4517157494904,1.82745521345807,1000,812.61355633129,93.8,10.0836557850564,64.5638521929196,29.128,85175788,23.92,87.47047116,25.4734887212418,69215.00000000001,Vietnam
2009,106014659565.214,37.3881863793419,18.3010354592131,7.16881988884276,613.731435956907,45.1,-25.2350445829429,1.49648723830416,1120,912.780286490341,96.1,9.60024045686805,66.7963942866577,29.762,86460018,26.55,113.5761578,24.3688895766214,78919.00000000004,Vietnam
2010,147201173196.979,33.0228771360005,17.1305705708367,5.4347392933443,673.624453822915,49.8,-12.6903585180516,1.14440259659988,1370,1028.42426024255,97.4,10.1124305870204,70.3281775071395,30.417,87455152,30.65,127.6386103,23.0762596678067,89940.99999999977,Vietnam
2011,172595049183.925,34.580408780539,18.694145538196,4.30487434902161,665.577169245025,55.2,-15.9655986015537,1.15183406119192,1630,1107.8316695399,99.0,9.54819740179876,68.4988899076788,31.08,88468314,35.07,144.1078862,20.4905765848944,98008.00000000012,Vietnam
2012,195590661129.249,35.8602323946766,20.2740924828827,4.27832287681174,669.497907035472,60.4,-15.7343261457658,1.1709874078049,1980,1210.23985202338,97.9,9.11201442274985,66.9781044923393,31.752,89510356,36.8,147.4487893,21.5116439458873,108329.00000000007,Vietnam
2013,213708811665.34,35.575150437736,20.6874536915425,4.16454517277325,661.649102806502,66.3,-15.1058744822691,1.1802975549343,2200,1279.38642800627,98.5,9.19762662529787,69.8218365547114,32.429,90573104,38.5,137.0761674,23.2274925075316,115878.00000000041,Vietnam
2014,233451469642.519,35.2985684880333,20.371229229791,3.94086189051961,,72.1,,1.21423463554626,2390,1424.23212288346,99.2,9.28671228459857,,33.115,91679578,41.0,149.2271298,20.4035064934273,130572.99999999975,Vietnam
2015,239258328381.741,34.2665466382117,20.9600916821922,4.93190773329022,,78.0,,1.23975403093124,2460,,99.3,,,33.809,92823254,45.0,130.5154869,19.377014054477,,Vietnam
2016,257096001177.982,34.1152288612372,21.4882532002034,4.90089302916746,,83.6,,1.25988366517733,2560,,99.2,,,34.51,94000117,53.0,129.5014832,20.3304456216218,,Vietnam
2017,281353605986.903,35.3903640729728,22.6271239749306,5.01148721749681,,88.0,,1.24420473643635,2680,,100.0,,,35.213,95176977,58.14,127.6319162,18.5797797556674,,Vietnam
2018,310106478394.659,36.5424334086447,23.3671679233065,4.99828319622328,,91.7,,1.10791395242199,3020,,100.0,,,35.919,96237319,69.8479,148.1748225,20.1630176303186,,Vietnam
2019,334365270496.667,36.8031368977554,23.7867165015145,4.821074861051,,94.2,,0.968366698803348,3290,,99.4,,,36.628,97173776,68.6616,142.2374996,20.8317868906878,,Vietnam
2020,346615738537.796,36.7437132938801,23.9472430412931,4.55836196782424,,96.0,,0.927434295850725,3400,,99.8,,,37.34,98079191,70.3,143.7522156,20.8010641731194,,Vietnam
2021,366474752771.009,37.39151924693,24.4593726835113,4.27314566190187,,97.1,,0.868883560805873,3540,,100.0,,,38.052,98935098,74.21,138.8654955,,,Vietnam
2022,410324028883.325,38.175376111625,24.5795734424262,4.3624059864868,,98.1,,0.750756665157789,3960,,100.0,,,38.766,99680655,78.59,139.9496874,,,Vietnam
