country_code,country_name,year,"Population, total",Population growth (annual %),Urban population (% of total),GDP (current US$)
BRN,Brunei Darussalam,2000,326424.0,,,
BRN,Brunei Darussalam,2001,333345.0,,,
BRN,Brunei Darussalam,2002,340099.0,,,
BRN,Brunei Darussalam,2003,346637.0,,,
BRN,Brunei Darussalam,2004,352911.0,,,
BRN,Brunei Darussalam,2005,358916.0,,,
BRN,Brunei Darussalam,2006,364663.0,,,
BRN,Brunei Darussalam,2007,370873.0,,,
BRN,Brunei Darussalam,2008,377793.0,,,
BRN,Brunei Darussalam,2009,384952.0,,,
BRN,Brunei Darussalam,2010,392332.0,,,
BRN,Brunei Darussalam,2011,399389.0,,,
BRN,Brunei Darussalam,2012,405557.0,,,
BRN,Brunei Darussalam,2013,411202.0,,,
BRN,Brunei Darussalam,2014,416750.0,,,
BRN,Brunei Darussalam,2015,422212.0,,,
BRN,Brunei Darussalam,2016,427564.0,,,
BRN,Brunei Darussalam,2017,432772.0,,,
BRN,Brunei Darussalam,2018,437810.0,,,
BRN,Brunei Darussalam,2019,442680.0,,,
BRN,Brunei Darussalam,2020,447404.0,,,
BRN,Brunei Darussalam,2021,451721.0,,,
BRN,Brunei Darussalam,2022,455370.0,,,
BRN,Brunei Darussalam,2023,458949.0,,,
,,2024,458949.0,,,
,,2025,458949.0,,,
,,2026,458949.0,,,
,,2027,458949.0,,,
,,2028,458949.0,,,
,,2029,458949.0,,,
,,2030,458949.0,,,
,,2031,458949.0,,,
,,2032,458949.0,,,
,,2033,458949.0,,,
,,2034,458949.0,,,
,,2035,458949.0,,,
IDN,Indonesia,2000,216077790.0,,,
IDN,Indonesia,2001,219097902.0,,,
IDN,Indonesia,2002,222088495.0,,,
IDN,Indonesia,2003,225048008.0,,,
IDN,Indonesia,2004,227926649.0,,,
IDN,Indonesia,2005,230871650.0,,,
IDN,Indonesia,2006,233951652.0,,,
IDN,Indonesia,2007,237062337.0,,,
IDN,Indonesia,2008,240157903.0,,,
IDN,Indonesia,2009,243220028.0,,,
IDN,Indonesia,2010,246305322.0,,,
IDN,Indonesia,2011,249470032.0,,,
IDN,Indonesia,2012,252698525.0,,,
IDN,Indonesia,2013,255852467.0,,,
IDN,Indonesia,2014,258877399.0,,,
IDN,Indonesia,2015,261799249.0,,,
IDN,Indonesia,2016,264627418.0,,,
IDN,Indonesia,2017,267346658.0,,,
IDN,Indonesia,2018,269951846.0,,,
IDN,Indonesia,2019,272489381.0,,,
IDN,Indonesia,2020,274814866.0,,,
IDN,Indonesia,2021,276758053.0,,,
IDN,Indonesia,2022,278830529.0,,,
IDN,Indonesia,2023,281190067.0,,,
,,2024,281190067.0,,,
,,2025,281190067.0,,,
,,2026,281190067.0,,,
,,2027,281190067.0,,,
,,2028,281190067.0,,,
,,2029,281190067.0,,,
,,2030,281190067.0,,,
,,2031,281190067.0,,,
,,2032,281190067.0,,,
,,2033,281190067.0,,,
,,2034,281190067.0,,,
,,2035,281190067.0,,,
KHM,Cambodia,2000,12462336.0,,,
KHM,Cambodia,2001,12658484.0,,,
KHM,Cambodia,2002,12855241.0,,,
KHM,Cambodia,2003,13050968.0,,,
KHM,Cambodia,2004,13244731.0,,,
KHM,Cambodia,2005,13439202.0,,,
KHM,Cambodia,2006,13639028.0,,,
KHM,Cambodia,2007,13841770.0,,,
KHM,Cambodia,2008,14053479.0,,,
KHM,Cambodia,2009,14276810.0,,,
KHM,Cambodia,2010,14500726.0,,,
KHM,Cambodia,2011,14722584.0,,,
KHM,Cambodia,2012,14945085.0,,,
KHM,Cambodia,2013,15170208.0,,,
KHM,Cambodia,2014,15396772.0,,,
KHM,Cambodia,2015,15623251.0,,,
KHM,Cambodia,2016,15852803.0,,,
KHM,Cambodia,2017,16073372.0,,,
KHM,Cambodia,2018,16274522.0,,,
KHM,Cambodia,2019,16481304.0,,,
KHM,Cambodia,2020,16725474.0,,,
KHM,Cambodia,2021,16974305.0,,,
KHM,Cambodia,2022,17201724.0,,,
KHM,Cambodia,2023,17423880.0,,,
,,2024,17423880.0,,,
,,2025,17423880.0,,,
,,2026,17423880.0,,,
,,2027,17423880.0,,,
,,2028,17423880.0,,,
,,2029,17423880.0,,,
,,2030,17423880.0,,,
,,2031,17423880.0,,,
,,2032,17423880.0,,,
,,2033,17423880.0,,,
,,2034,17423880.0,,,
,,2035,17423880.0,,,
LAO,Lao PDR,2000,5431212.0,,,
LAO,Lao PDR,2001,5521482.0,,,
LAO,Lao PDR,2002,5610889.0,,,
LAO,Lao PDR,2003,5697945.0,,,
LAO,Lao PDR,2004,5781626.0,,,
LAO,Lao PDR,2005,5869523.0,,,
LAO,Lao PDR,2006,5963200.0,,,
LAO,Lao PDR,2007,6056236.0,,,
LAO,Lao PDR,2008,6148969.0,,,
LAO,Lao PDR,2009,6241642.0,,,
LAO,Lao PDR,2010,6334194.0,,,
LAO,Lao PDR,2011,6426590.0,,,
LAO,Lao PDR,2012,6518978.0,,,
LAO,Lao PDR,2013,6611385.0,,,
LAO,Lao PDR,2014,6703172.0,,,
LAO,Lao PDR,2015,6801645.0,,,
LAO,Lao PDR,2016,6908802.0,,,
LAO,Lao PDR,2017,7018147.0,,,
LAO,Lao PDR,2018,7128045.0,,,
LAO,Lao PDR,2019,7237636.0,,,
LAO,Lao PDR,2020,7346533.0,,,
LAO,Lao PDR,2021,7453194.0,,,
LAO,Lao PDR,2022,7559007.0,,,
LAO,Lao PDR,2023,7664993.0,,,
,,2024,7664993.0,,,
,,2025,7664993.0,,,
,,2026,7664993.0,,,
,,2027,7664993.0,,,
,,2028,7664993.0,,,
,,2029,7664993.0,,,
,,2030,7664993.0,,,
,,2031,7664993.0,,,
,,2032,7664993.0,,,
,,2033,7664993.0,,,
,,2034,7664993.0,,,
,,2035,7664993.0,,,
MMR,Myanmar,2000,45290841.0,,,
MMR,Myanmar,2001,45771139.0,,,
MMR,Myanmar,2002,46232653.0,,,
MMR,Myanmar,2003,46667192.0,,,
MMR,Myanmar,2004,47068772.0,,,
MMR,Myanmar,2005,47438365.0,,,
MMR,Myanmar,2006,47785135.0,,,
MMR,Myanmar,2007,48125043.0,,,
MMR,Myanmar,2008,48390793.0,,,
MMR,Myanmar,2009,48660459.0,,,
MMR,Myanmar,2010,49024382.0,,,
MMR,Myanmar,2011,49419820.0,,,
MMR,Myanmar,2012,49837446.0,,,
MMR,Myanmar,2013,50262658.0,,,
MMR,Myanmar,2014,50681634.0,,,
MMR,Myanmar,2015,51089056.0,,,
MMR,Myanmar,2016,51495696.0,,,
MMR,Myanmar,2017,51894938.0,,,
MMR,Myanmar,2018,52272247.0,,,
MMR,Myanmar,2019,52640713.0,,,
MMR,Myanmar,2020,53016522.0,,,
MMR,Myanmar,2021,53387102.0,,,
MMR,Myanmar,2022,53756787.0,,,
MMR,Myanmar,2023,54133798.0,,,
,,2024,54133798.0,,,
,,2025,54133798.0,,,
,,2026,54133798.0,,,
,,2027,54133798.0,,,
,,2028,54133798.0,,,
,,2029,54133798.0,,,
,,2030,54133798.0,,,
,,2031,54133798.0,,,
,,2032,54133798.0,,,
,,2033,54133798.0,,,
,,2034,54133798.0,,,
,,2035,54133798.0,,,
MYS,Malaysia,2000,22967816.0,,,
MYS,Malaysia,2001,23526538.0,,,
MYS,Malaysia,2002,24102477.0,,,
MYS,Malaysia,2003,24679602.0,,,
MYS,Malaysia,2004,25256772.0,,,
MYS,Malaysia,2005,25836071.0,,,
MYS,Malaysia,2006,26417909.0,,,
MYS,Malaysia,2007,26998389.0,,,
MYS,Malaysia,2008,27570059.0,,,
MYS,Malaysia,2009,28124778.0,,,
MYS,Malaysia,2010,28655776.0,,,
MYS,Malaysia,2011,29162039.0,,,
MYS,Malaysia,2012,29662831.0,,,
MYS,Malaysia,2013,30174265.0,,,
MYS,Malaysia,2014,30696137.0,,,
MYS,Malaysia,2015,31232798.0,,,
MYS,Malaysia,2016,31789685.0,,,
MYS,Malaysia,2017,32355644.0,,,
MYS,Malaysia,2018,32910967.0,,,
MYS,Malaysia,2019,33440596.0,,,
MYS,Malaysia,2020,33889558.0,,,
MYS,Malaysia,2021,34282399.0,,,
MYS,Malaysia,2022,34695493.0,,,
MYS,Malaysia,2023,35126298.0,,,
,,2024,35126298.0,,,
,,2025,35126298.0,,,
,,2026,35126298.0,,,
,,2027,35126298.0,,,
,,2028,35126298.0,,,
,,2029,35126298.0,,,
,,2030,35126298.0,,,
,,2031,35126298.0,,,
,,2032,35126298.0,,,
,,2033,35126298.0,,,
,,2034,35126298.0,,,
,,2035,35126298.0,,,
PHL,Philippines,2000,79625397.0,,,
PHL,Philippines,2001,81401488.0,,,
PHL,Philippines,2002,83068889.0,,,
PHL,Philippines,2003,84731835.0,,,
PHL,Philippines,2004,86394504.0,,,
PHL,Philippines,2005,88015962.0,,,
PHL,Philippines,2006,89508986.0,,,
PHL,Philippines,2007,91075184.0,,,
PHL,Philippines,2008,92699095.0,,,
PHL,Philippines,2009,94384250.0,,,
PHL,Philippines,2010,96337125.0,,,
PHL,Philippines,2011,98248614.0,,,
PHL,Philippines,2012,100175512.0,,,
PHL,Philippines,2013,102076336.0,,,
PHL,Philippines,2014,103767130.0,,,
PHL,Philippines,2015,105312992.0,,,
PHL,Philippines,2016,106735719.0,,,
PHL,Philippines,2017,108119693.0,,,
PHL,Philippines,2018,109465287.0,,,
PHL,Philippines,2019,110804683.0,,,
PHL,Philippines,2020,112081264.0,,,
PHL,Philippines,2021,113100950.0,,,
PHL,Philippines,2022,113964338.0,,,
PHL,Philippines,2023,114891199.0,,,
,,2024,114891199.0,,,
,,2025,114891199.0,,,
,,2026,114891199.0,,,
,,2027,114891199.0,,,
,,2028,114891199.0,,,
,,2029,114891199.0,,,
,,2030,114891199.0,,,
,,2031,114891199.0,,,
,,2032,114891199.0,,,
,,2033,114891199.0,,,
,,2034,114891199.0,,,
,,2035,114891199.0,,,
SGP,Singapore,2000,4027887.0,,,
SGP,Singapore,2001,4138012.0,,,
SGP,Singapore,2002,4175950.0,,,
SGP,Singapore,2003,4114826.0,,,
SGP,Singapore,2004,4166664.0,,,
SGP,Singapore,2005,4265762.0,,,
SGP,Singapore,2006,4401365.0,,,
SGP,Singapore,2007,4588599.0,,,
SGP,Singapore,2008,4839396.0,,,
SGP,Singapore,2009,4987573.0,,,
SGP,Singapore,2010,5076732.0,,,
SGP,Singapore,2011,5183688.0,,,
SGP,Singapore,2012,5312437.0,,,
SGP,Singapore,2013,5399162.0,,,
SGP,Singapore,2014,5469724.0,,,
SGP,Singapore,2015,5535002.0,,,
SGP,Singapore,2016,5607283.0,,,
SGP,Singapore,2017,5612253.0,,,
SGP,Singapore,2018,5638676.0,,,
SGP,Singapore,2019,5703569.0,,,
SGP,Singapore,2020,5685807.0,,,
SGP,Singapore,2021,5453566.0,,,
SGP,Singapore,2022,5637022.0,,,
SGP,Singapore,2023,5917648.0,,,
,,2024,5917648.0,,,
,,2025,5917648.0,,,
,,2026,5917648.0,,,
,,2027,5917648.0,,,
,,2028,5917648.0,,,
,,2029,5917648.0,,,
,,2030,5917648.0,,,
,,2031,5917648.0,,,
,,2032,5917648.0,,,
,,2033,5917648.0,,,
,,2034,5917648.0,,,
,,2035,5917648.0,,,
THA,Thailand,2000,63007815.0,,,
THA,Thailand,2001,63651141.0,,,
THA,Thailand,2002,64266437.0,,,
THA,Thailand,2003,64868166.0,,,
THA,Thailand,2004,65452047.0,,,
THA,Thailand,2005,66017420.0,,,
THA,Thailand,2006,66567687.0,,,
THA,Thailand,2007,67102394.0,,,
THA,Thailand,2008,67619830.0,,,
THA,Thailand,2009,68121080.0,,,
THA,Thailand,2010,68579447.0,,,
THA,Thailand,2011,69007208.0,,,
THA,Thailand,2012,69436098.0,,,
THA,Thailand,2013,69845114.0,,,
THA,Thailand,2014,70216367.0,,,
THA,Thailand,2015,70540795.0,,,
THA,Thailand,2016,70859841.0,,,
THA,Thailand,2017,71160187.0,,,
THA,Thailand,2018,71376079.0,,,
THA,Thailand,2019,71522271.0,,,
THA,Thailand,2020,71641484.0,,,
THA,Thailand,2021,71727332.0,,,
THA,Thailand,2022,71735329.0,,,
THA,Thailand,2023,71702435.0,,,
,,2024,71702435.0,,,
,,2025,71702435.0,,,
,,2026,71702435.0,,,
,,2027,71702435.0,,,
,,2028,71702435.0,,,
,,2029,71702435.0,,,
,,2030,71702435.0,,,
,,2031,71702435.0,,,
,,2032,71702435.0,,,
,,2033,71702435.0,,,
,,2034,71702435.0,,,
,,2035,71702435.0,,,
VNM,Vietnam,2000,77154011.0,,,
VNM,Vietnam,2001,77969361.0,,,
VNM,Vietnam,2002,78772224.0,,,
VNM,Vietnam,2003,79563777.0,,,
VNM,Vietnam,2004,80338971.0,,,
VNM,Vietnam,2005,81088313.0,,,
VNM,Vietnam,2006,82167897.0,,,
VNM,Vietnam,2007,83633375.0,,,
VNM,Vietnam,2008,85175788.0,,,
VNM,Vietnam,2009,86460018.0,,,
VNM,Vietnam,2010,87455152.0,,,
VNM,Vietnam,2011,88468314.0,,,
VNM,Vietnam,2012,89510356.0,,,
VNM,Vietnam,2013,90573104.0,,,
VNM,Vietnam,2014,91679578.0,,,
VNM,Vietnam,2015,92823254.0,,,
VNM,Vietnam,2016,94000117.0,,,
VNM,Vietnam,2017,95176977.0,,,
VNM,Vietnam,2018,96237319.0,,,
VNM,Vietnam,2019,97173776.0,,,
VNM,Vietnam,2020,98079191.0,,,
VNM,Vietnam,2021,98935098.0,,,
VNM,Vietnam,2022,99680655.0,,,
VNM,Vietnam,2023,100352192.0,,,
,,2024,100352192.0,,,
,,2025,100352192.0,,,
,,2026,100352192.0,,,
,,2027,100352192.0,,,
,,2028,100352192.0,,,
,,2029,100352192.0,,,
,,2030,100352192.0,,,
,,2031,100352192.0,,,
,,2032,100352192.0,,,
,,2033,100352192.0,,,
,,2034,100352192.0,,,
,,2035,100352192.0,,,
BRN,Brunei Darussalam,2000,,2.17184750364769,,
BRN,Brunei Darussalam,2001,,2.09808399029796,,
BRN,Brunei Darussalam,2002,,2.00587619956124,,
BRN,Brunei Darussalam,2003,,1.90413711851639,,
BRN,Brunei Darussalam,2004,,1.79377776163247,,
BRN,Brunei Darussalam,2005,,1.68724773243682,,
BRN,Brunei Darussalam,2006,,1.58852615956489,,
BRN,Brunei Darussalam,2007,,1.68860465252749,,
BRN,Brunei Darussalam,2008,,1.84867406299599,,
BRN,Brunei Darussalam,2009,,1.87722246166003,,
BRN,Brunei Darussalam,2010,,1.89897689252094,,
BRN,Brunei Darussalam,2011,,1.78274591747739,,
BRN,Brunei Darussalam,2012,,1.53255515873327,,
BRN,Brunei Darussalam,2013,,1.38231470645459,,
BRN,Brunei Darussalam,2014,,1.34019436885468,,
BRN,Brunei Darussalam,2015,,1.30210359279592,,
BRN,Brunei Darussalam,2016,,1.25964272152269,,
BRN,Brunei Darussalam,2017,,1.2107045656128,,
BRN,Brunei Darussalam,2018,,1.15739958778106,,
BRN,Brunei Darussalam,2019,,1.10621350885567,,
BRN,Brunei Darussalam,2020,,1.06148281648515,,
BRN,Brunei Darussalam,2021,,0.96027430523198,,
BRN,Brunei Darussalam,2022,,0.804554269312164,,
BRN,Brunei Darussalam,2023,,0.782881746925984,,
,,2024,,0.782881746925984,,
,,2025,,0.782881746925984,,
,,2026,,0.782881746925984,,
,,2027,,0.782881746925984,,
,,2028,,0.782881746925984,,
,,2029,,0.782881746925984,,
,,2030,,0.782881746925984,,
,,2031,,0.782881746925984,,
,,2032,,0.782881746925984,,
,,2033,,0.782881746925984,,
,,2034,,0.782881746925984,,
,,2035,,0.782881746925984,,
IDN,Indonesia,2000,,1.43244007763682,,
IDN,Indonesia,2001,,1.38801892806803,,
IDN,Indonesia,2002,,1.35572575488289,,
IDN,Indonesia,2003,,1.32378197652859,,
IDN,Indonesia,2004,,1.27101139474106,,
IDN,Indonesia,2005,,1.28380661170743,,
IDN,Indonesia,2006,,1.32525502272966,,
IDN,Indonesia,2007,,1.32086532413059,,
IDN,Indonesia,2008,,1.29735043016571,,
IDN,Indonesia,2009,,1.26698625068088,,
IDN,Indonesia,2010,,1.26054140134601,,
IDN,Indonesia,2011,,1.27668830646548,,
IDN,Indonesia,2012,,1.28583816632167,,
IDN,Indonesia,2013,,1.24038001568984,,
IDN,Indonesia,2014,,1.17536091203837,,
IDN,Indonesia,2015,,1.12233981761262,,
IDN,Indonesia,2016,,1.0744882002252,,
IDN,Indonesia,2017,,1.02232939771064,,
IDN,Indonesia,2018,,0.969743409524713,,
IDN,Indonesia,2019,,0.935604959235128,,
IDN,Indonesia,2020,,0.849801187379341,,
IDN,Indonesia,2021,,0.704601321926319,,
IDN,Indonesia,2022,,0.746050469653246,,
IDN,Indonesia,2023,,0.842666137328498,,
,,2024,,0.842666137328498,,
,,2025,,0.842666137328498,,
,,2026,,0.842666137328498,,
,,2027,,0.842666137328498,,
,,2028,,0.842666137328498,,
,,2029,,0.842666137328498,,
,,2030,,0.842666137328498,,
,,2031,,0.842666137328498,,
,,2032,,0.842666137328498,,
,,2033,,0.842666137328498,,
,,2034,,0.842666137328498,,
,,2035,,0.842666137328498,,
KHM,Cambodia,2000,,1.59016992993238,,
KHM,Cambodia,2001,,1.56166865874357,,
KHM,Cambodia,2002,,1.54239258007881,,
KHM,Cambodia,2003,,1.5110719151833,,
KHM,Cambodia,2004,,1.47375057040259,,
KHM,Cambodia,2005,,1.4576145365221,,
KHM,Cambodia,2006,,1.47594305468246,,
KHM,Cambodia,2007,,1.47554433066197,,
KHM,Cambodia,2008,,1.51791486007376,,
KHM,Cambodia,2009,,1.57665618141569,,
KHM,Cambodia,2010,,1.55621745380597,,
KHM,Cambodia,2011,,1.51839242344005,,
KHM,Cambodia,2012,,1.49998418675996,,
KHM,Cambodia,2013,,1.49510212980529,,
KHM,Cambodia,2014,,1.4824372519955,,
KHM,Cambodia,2015,,1.46023762985186,,
KHM,Cambodia,2016,,1.45860767566845,,
KHM,Cambodia,2017,,1.38176596089867,,
KHM,Cambodia,2018,,1.24368277407927,,
KHM,Cambodia,2019,,1.26258301009769,,
KHM,Cambodia,2020,,1.47062988552696,,
KHM,Cambodia,2021,,1.47677836241244,,
KHM,Cambodia,2022,,1.33088813106016,,
KHM,Cambodia,2023,,1.28320677599476,,
,,2024,,1.28320677599476,,
,,2025,,1.28320677599476,,
,,2026,,1.28320677599476,,
,,2027,,1.28320677599476,,
,,2028,,1.28320677599476,,
,,2029,,1.28320677599476,,
,,2030,,1.28320677599476,,
,,2031,,1.28320677599476,,
,,2032,,1.28320677599476,,
,,2033,,1.28320677599476,,
,,2034,,1.28320677599476,,
,,2035,,1.28320677599476,,
LAO,Lao PDR,2000,,1.67898547843134,,
LAO,Lao PDR,2001,,1.64839890567014,,
LAO,Lao PDR,2002,,1.60628714871708,,
LAO,Lao PDR,2003,,1.53964095162728,,
LAO,Lao PDR,2004,,1.45793744820894,,
LAO,Lao PDR,2005,,1.50884118892528,,
LAO,Lao PDR,2006,,1.58338798520366,,
LAO,Lao PDR,2007,,1.54812352499039,,
LAO,Lao PDR,2008,,1.5195940495706,,
LAO,Lao PDR,2009,,1.49588633029834,,
LAO,Lao PDR,2010,,1.47192872108695,,
LAO,Lao PDR,2011,,1.44814949802327,,
LAO,Lao PDR,2012,,1.42735442034268,,
LAO,Lao PDR,2013,,1.40755477426746,,
LAO,Lao PDR,2014,,1.37876842701215,,
LAO,Lao PDR,2015,,1.45836474920589,,
LAO,Lao PDR,2016,,1.56317561333482,,
LAO,Lao PDR,2017,,1.57029722559747,,
LAO,Lao PDR,2018,,1.55377801997365,,
LAO,Lao PDR,2019,,1.52576304616693,,
LAO,Lao PDR,2020,,1.49338675171473,,
LAO,Lao PDR,2021,,1.44141640887407,,
LAO,Lao PDR,2022,,1.40971670105791,,
LAO,Lao PDR,2023,,1.39237667233214,,
,,2024,,1.39237667233214,,
,,2025,,1.39237667233214,,
,,2026,,1.39237667233214,,
,,2027,,1.39237667233214,,
,,2028,,1.39237667233214,,
,,2029,,1.39237667233214,,
,,2030,,1.39237667233214,,
,,2031,,1.39237667233214,,
,,2032,,1.39237667233214,,
,,2033,,1.39237667233214,,
,,2034,,1.39237667233214,,
,,2035,,1.39237667233214,,
MMR,Myanmar,2000,,1.11707426022512,,
MMR,Myanmar,2001,,1.05489130356671,,
MMR,Myanmar,2002,,1.00325836797547,,
MMR,Myanmar,2003,,0.93550676889734,,
MMR,Myanmar,2004,,0.856837524813252,,
MMR,Myanmar,2005,,0.78215232398828,,
MMR,Myanmar,2006,,0.728331835978341,,
MMR,Myanmar,2007,,0.708807824555326,,
MMR,Myanmar,2008,,0.550688224031359,,
MMR,Myanmar,2009,,0.555720175554536,,
MMR,Myanmar,2010,,0.745099607969388,,
MMR,Myanmar,2011,,0.803379211413432,,
MMR,Myanmar,2012,,0.841507088171189,,
MMR,Myanmar,2013,,0.849578652965248,,
MMR,Myanmar,2014,,0.830118073348831,,
MMR,Myanmar,2015,,0.800670952631538,,
MMR,Myanmar,2016,,0.792792538685626,,
MMR,Myanmar,2017,,0.772302033467657,,
MMR,Myanmar,2018,,0.72443284342539,,
MMR,Myanmar,2019,,0.702425162747352,,
MMR,Myanmar,2020,,0.711376906349628,,
MMR,Myanmar,2021,,0.696558038955431,,
MMR,Myanmar,2022,,0.690074759264932,,
MMR,Myanmar,2023,,0.698879396261223,,
,,2024,,0.698879396261223,,
,,2025,,0.698879396261223,,
,,2026,,0.698879396261223,,
,,2027,,0.698879396261223,,
,,2028,,0.698879396261223,,
,,2029,,0.698879396261223,,
,,2030,,0.698879396261223,,
,,2031,,0.698879396261223,,
,,2032,,0.698879396261223,,
,,2033,,0.698879396261223,,
,,2034,,0.698879396261223,,
,,2035,,0.698879396261223,,
MYS,Malaysia,2000,,2.34480241175698,,
MYS,Malaysia,2001,,2.40351289519482,,
MYS,Malaysia,2002,,2.41855547054066,,
MYS,Malaysia,2003,,2.36624571909165,,
MYS,Malaysia,2004,,2.31172452935085,,
MYS,Malaysia,2005,,2.26772984873607,,
MYS,Malaysia,2006,,2.22705351047756,,
MYS,Malaysia,2007,,2.17350461828888,,
MYS,Malaysia,2008,,2.09531674831339,,
MYS,Malaysia,2009,,1.99206021194285,,
MYS,Malaysia,2010,,1.87040612656176,,
MYS,Malaysia,2011,,1.75128008243176,,
MYS,Malaysia,2012,,1.70269513202166,,
MYS,Malaysia,2013,,1.70946282045073,,
MYS,Malaysia,2014,,1.7147407282165,,
MYS,Malaysia,2015,,1.73319445645586,,
MYS,Malaysia,2016,,1.76731054757933,,
MYS,Malaysia,2017,,1.76466064017847,,
MYS,Malaysia,2018,,1.70174731907235,,
MYS,Malaysia,2019,,1.59646653343981,,
MYS,Malaysia,2020,,1.33363323143911,,
MYS,Malaysia,2021,,1.15251304394292,,
MYS,Malaysia,2022,,1.1977720012836,,
MYS,Malaysia,2023,,1.23402869169549,,
,,2024,,1.23402869169549,,
,,2025,,1.23402869169549,,
,,2026,,1.23402869169549,,
,,2027,,1.23402869169549,,
,,2028,,1.23402869169549,,
,,2029,,1.23402869169549,,
,,2030,,1.23402869169549,,
,,2031,,1.23402869169549,,
,,2032,,1.23402869169549,,
,,2033,,1.23402869169549,,
,,2034,,1.23402869169549,,
,,2035,,1.23402869169549,,
PHL,Philippines,2000,,2.37926588939747,,
PHL,Philippines,2001,,2.20604531885261,,
PHL,Philippines,2002,,2.02766985591781,,
PHL,Philippines,2003,,1.98211355051959,,
PHL,Philippines,2004,,1.94326756715565,,
PHL,Philippines,2005,,1.85941217176991,,
PHL,Philippines,2006,,1.68208380821541,,
PHL,Philippines,2007,,1.73463407300361,,
PHL,Philippines,2008,,1.76733466433421,,
PHL,Philippines,2009,,1.801550616238,,
PHL,Philippines,2010,,2.04795425200975,,
PHL,Philippines,2011,,1.96473852483036,,
PHL,Philippines,2012,,1.94226237851608,,
PHL,Philippines,2013,,1.87971579705684,,
PHL,Philippines,2014,,1.64283283802775,,
PHL,Philippines,2015,,1.47875384302116,,
PHL,Philippines,2016,,1.34190709540685,,
PHL,Philippines,2017,,1.28830186666283,,
PHL,Philippines,2018,,1.23686033319068,,
PHL,Philippines,2019,,1.21615534645287,,
PHL,Philippines,2020,,1.1455140860985,,
PHL,Philippines,2021,,0.905660310915421,,
PHL,Philippines,2022,,0.760479216015364,,
PHL,Philippines,2023,,0.810000998681961,,
,,2024,,0.810000998681961,,
,,2025,,0.810000998681961,,
,,2026,,0.810000998681961,,
,,2027,,0.810000998681961,,
,,2028,,0.810000998681961,,
,,2029,,0.810000998681961,,
,,2030,,0.810000998681961,,
,,2031,,0.810000998681961,,
,,2032,,0.810000998681961,,
,,2033,,0.810000998681961,,
,,2034,,0.810000998681961,,
,,2035,,0.810000998681961,,
SGP,Singapore,2000,,1.73204223254257,,
SGP,Singapore,2001,,2.69735584326358,,
SGP,Singapore,2002,,0.912639805776796,,
SGP,Singapore,2003,,-1.47453284191939,,
SGP,Singapore,2004,,1.2519166730553,,
SGP,Singapore,2005,,2.35051128857175,,
SGP,Singapore,2006,,3.1293891560754,,
SGP,Singapore,2007,,4.16600286360933,,
SGP,Singapore,2008,,5.32151708302623,,
SGP,Singapore,2009,,3.0159499147579,,
SGP,Singapore,2010,,1.77183287926401,,
SGP,Singapore,2011,,2.08490245606007,,
SGP,Singapore,2012,,2.45339033031018,,
SGP,Singapore,2013,,1.61930809858875,,
SGP,Singapore,2014,,1.29844017799226,,
SGP,Singapore,2015,,1.18637693749822,,
SGP,Singapore,2016,,1.29743609938602,,
SGP,Singapore,2017,,0.0885954699924263,,
SGP,Singapore,2018,,0.469704298714121,,
SGP,Singapore,2019,,1.14428330688929,,
SGP,Singapore,2020,,-0.311904961250833,,
SGP,Singapore,2021,,-4.17033630017526,,
SGP,Singapore,2022,,3.30862052439523,,
SGP,Singapore,2023,,4.85831607781442,,
,,2024,,4.85831607781442,,
,,2025,,4.85831607781442,,
,,2026,,4.85831607781442,,
,,2027,,4.85831607781442,,
,,2028,,4.85831607781442,,
,,2029,,4.85831607781442,,
,,2030,,4.85831607781442,,
,,2031,,4.85831607781442,,
,,2032,,4.85831607781442,,
,,2033,,4.85831607781442,,
,,2034,,4.85831607781442,,
,,2035,,4.85831607781442,,
THA,Thailand,2000,,1.13127017975852,,
THA,Thailand,2001,,1.01584846841136,,
THA,Thailand,2002,,0.962026884907362,,
THA,Thailand,2003,,0.931947504633534,,
THA,Thailand,2004,,0.896077275303913,,
THA,Thailand,2005,,0.860087894461849,,
THA,Thailand,2006,,0.83006330336846,,
THA,Thailand,2007,,0.800044180541195,,
THA,Thailand,2008,,0.768156179389423,,
THA,Thailand,2009,,0.73854268159594,,
THA,Thailand,2010,,0.670617338343587,,
THA,Thailand,2011,,0.621807948253872,,
THA,Thailand,2012,,0.619591346751357,,
THA,Thailand,2013,,0.587325698680648,,
THA,Thailand,2014,,0.530129864137193,,
THA,Thailand,2015,,0.460976294059414,,
THA,Thailand,2016,,0.451266062797186,,
THA,Thailand,2017,,0.422963510133952,,
THA,Thailand,2018,,0.302929452489855,,
THA,Thailand,2019,,0.204609851692418,,
THA,Thailand,2020,,0.166540794566251,,
THA,Thailand,2021,,0.119758274714782,,
THA,Thailand,2022,,0.0111485454856964,,
THA,Thailand,2023,,-0.0458651887192549,,
,,2024,,-0.0458651887192549,,
,,2025,,-0.0458651887192549,,
,,2026,,-0.0458651887192549,,
,,2027,,-0.0458651887192549,,
,,2028,,-0.0458651887192549,,
,,2029,,-0.0458651887192549,,
,,2030,,-0.0458651887192549,,
,,2031,,-0.0458651887192549,,
,,2032,,-0.0458651887192549,,
,,2033,,-0.0458651887192549,,
,,2034,,-0.0458651887192549,,
,,2035,,-0.0458651887192549,,
VNM,Vietnam,2000,,1.12950984166849,,
VNM,Vietnam,2001,,1.05123747397877,,
VNM,Vietnam,2002,,1.02445055878013,,
VNM,Vietnam,2003,,0.999847904782733,,
VNM,Vietnam,2004,,0.969589431962946,,
VNM,Vietnam,2005,,0.928402391177897,,
VNM,Vietnam,2006,,1.32258336381927,,
VNM,Vietnam,2007,,1.76779845772365,,
VNM,Vietnam,2008,,1.82745521345807,,
VNM,Vietnam,2009,,1.49648723830416,,
VNM,Vietnam,2010,,1.14440259659988,,
VNM,Vietnam,2011,,1.15183406119192,,
VNM,Vietnam,2012,,1.1709874078049,,
VNM,Vietnam,2013,,1.1802975549343,,
VNM,Vietnam,2014,,1.21423463554626,,
VNM,Vietnam,2015,,1.23975403093124,,
VNM,Vietnam,2016,,1.25988366517733,,
VNM,Vietnam,2017,,1.24420473643635,,
VNM,Vietnam,2018,,1.10791395242199,,
VNM,Vietnam,2019,,0.968366698803348,,
VNM,Vietnam,2020,,0.927434295850725,,
VNM,Vietnam,2021,,0.868883560805873,,
VNM,Vietnam,2022,,0.750756665157789,,
VNM,Vietnam,2023,,0.671429250652247,,
,,2024,,0.671429250652247,,
,,2025,,0.671429250652247,,
,,2026,,0.671429250652247,,
,,2027,,0.671429250652247,,
,,2028,,0.671429250652247,,
,,2029,,0.671429250652247,,
,,2030,,0.671429250652247,,
,,2031,,0.671429250652247,,
,,2032,,0.671429250652247,,
,,2033,,0.671429250652247,,
,,2034,,0.671429250652247,,
,,2035,,0.671429250652247,,
BRN,Brunei Darussalam,2000,,,71.164,
BRN,Brunei Darussalam,2001,,,71.652,
BRN,Brunei Darussalam,2002,,,72.046,
BRN,Brunei Darussalam,2003,,,72.421,
BRN,Brunei Darussalam,2004,,,72.794,
BRN,Brunei Darussalam,2005,,,73.163,
BRN,Brunei Darussalam,2006,,,73.529,
BRN,Brunei Darussalam,2007,,,73.892,
BRN,Brunei Darussalam,2008,,,74.252,
BRN,Brunei Darussalam,2009,,,74.608,
BRN,Brunei Darussalam,2010,,,74.961,
BRN,Brunei Darussalam,2011,,,75.31,
BRN,Brunei Darussalam,2012,,,75.656,
BRN,Brunei Darussalam,2013,,,75.997,
BRN,Brunei Darussalam,2014,,,76.332,
BRN,Brunei Darussalam,2015,,,76.663,
BRN,Brunei Darussalam,2016,,,76.99,
BRN,Brunei Darussalam,2017,,,77.312,
BRN,Brunei Darussalam,2018,,,77.629,
BRN,Brunei Darussalam,2019,,,77.942,
BRN,Brunei Darussalam,2020,,,78.25,
BRN,Brunei Darussalam,2021,,,78.554,
BRN,Brunei Darussalam,2022,,,78.854,
BRN,Brunei Darussalam,2023,,,79.149,
,,2024,,,79.149,
,,2025,,,79.149,
,,2026,,,79.149,
,,2027,,,79.149,
,,2028,,,79.149,
,,2029,,,79.149,
,,2030,,,79.149,
,,2031,,,79.149,
,,2032,,,79.149,
,,2033,,,79.149,
,,2034,,,79.149,
,,2035,,,79.149,
IDN,Indonesia,2000,,,42.002,
IDN,Indonesia,2001,,,42.783,
IDN,Indonesia,2002,,,43.568,
IDN,Indonesia,2003,,,44.356,
IDN,Indonesia,2004,,,45.149,
IDN,Indonesia,2005,,,45.942,
IDN,Indonesia,2006,,,46.738,
IDN,Indonesia,2007,,,47.535,
IDN,Indonesia,2008,,,48.335,
IDN,Indonesia,2009,,,49.134,
IDN,Indonesia,2010,,,49.914,
IDN,Indonesia,2011,,,50.595,
IDN,Indonesia,2012,,,51.276,
IDN,Indonesia,2013,,,51.955,
IDN,Indonesia,2014,,,52.635,
IDN,Indonesia,2015,,,53.313,
IDN,Indonesia,2016,,,53.989,
IDN,Indonesia,2017,,,54.659,
IDN,Indonesia,2018,,,55.325,
IDN,Indonesia,2019,,,55.985,
IDN,Indonesia,2020,,,56.641,
IDN,Indonesia,2021,,,57.29,
IDN,Indonesia,2022,,,57.934,
IDN,Indonesia,2023,,,58.572,
,,2024,,,58.572,
,,2025,,,58.572,
,,2026,,,58.572,
,,2027,,,58.572,
,,2028,,,58.572,
,,2029,,,58.572,
,,2030,,,58.572,
,,2031,,,58.572,
,,2032,,,58.572,
,,2033,,,58.572,
,,2034,,,58.572,
,,2035,,,58.572,
KHM,Cambodia,2000,,,18.586,
KHM,Cambodia,2001,,,18.703,
KHM,Cambodia,2002,,,18.82,
KHM,Cambodia,2003,,,18.937,
KHM,Cambodia,2004,,,19.055,
KHM,Cambodia,2005,,,19.174,
KHM,Cambodia,2006,,,19.293,
KHM,Cambodia,2007,,,19.413,
KHM,Cambodia,2008,,,19.571,
KHM,Cambodia,2009,,,19.93,
KHM,Cambodia,2010,,,20.294,
KHM,Cambodia,2011,,,20.663,
KHM,Cambodia,2012,,,21.037,
KHM,Cambodia,2013,,,21.415,
KHM,Cambodia,2014,,,21.799,
KHM,Cambodia,2015,,,22.188,
KHM,Cambodia,2016,,,22.582,
KHM,Cambodia,2017,,,22.98,
KHM,Cambodia,2018,,,23.388,
KHM,Cambodia,2019,,,23.805,
KHM,Cambodia,2020,,,24.232,
KHM,Cambodia,2021,,,24.668,
KHM,Cambodia,2022,,,25.114,
KHM,Cambodia,2023,,,25.57,
,,2024,,,25.57,
,,2025,,,25.57,
,,2026,,,25.57,
,,2027,,,25.57,
,,2028,,,25.57,
,,2029,,,25.57,
,,2030,,,25.57,
,,2031,,,25.57,
,,2032,,,25.57,
,,2033,,,25.57,
,,2034,,,25.57,
,,2035,,,25.57,
LAO,Lao PDR,2000,,,21.977,
LAO,Lao PDR,2001,,,22.993,
LAO,Lao PDR,2002,,,24.044,
LAO,Lao PDR,2003,,,25.126,
LAO,Lao PDR,2004,,,26.242,
LAO,Lao PDR,2005,,,27.186,
LAO,Lao PDR,2006,,,27.748,
LAO,Lao PDR,2007,,,28.316,
LAO,Lao PDR,2008,,,28.893,
LAO,Lao PDR,2009,,,29.475,
LAO,Lao PDR,2010,,,30.064,
LAO,Lao PDR,2011,,,30.66,
LAO,Lao PDR,2012,,,31.264,
LAO,Lao PDR,2013,,,31.872,
LAO,Lao PDR,2014,,,32.487,
LAO,Lao PDR,2015,,,33.108,
LAO,Lao PDR,2016,,,33.736,
LAO,Lao PDR,2017,,,34.368,
LAO,Lao PDR,2018,,,35.004,
LAO,Lao PDR,2019,,,35.645,
LAO,Lao PDR,2020,,,36.29,
LAO,Lao PDR,2021,,,36.939,
LAO,Lao PDR,2022,,,37.592,
LAO,Lao PDR,2023,,,38.247,
,,2024,,,38.247,
,,2025,,,38.247,
,,2026,,,38.247,
,,2027,,,38.247,
,,2028,,,38.247,
,,2029,,,38.247,
,,2030,,,38.247,
,,2031,,,38.247,
,,2032,,,38.247,
,,2033,,,38.247,
,,2034,,,38.247,
,,2035,,,38.247,
MMR,Myanmar,2000,,,27.025,
MMR,Myanmar,2001,,,27.208,
MMR,Myanmar,2002,,,27.391,
MMR,Myanmar,2003,,,27.575,
MMR,Myanmar,2004,,,27.76,
MMR,Myanmar,2005,,,27.946,
MMR,Myanmar,2006,,,28.132,
MMR,Myanmar,2007,,,28.319,
MMR,Myanmar,2008,,,28.507,
MMR,Myanmar,2009,,,28.695,
MMR,Myanmar,2010,,,28.885,
MMR,Myanmar,2011,,,29.075,
MMR,Myanmar,2012,,,29.266,
MMR,Myanmar,2013,,,29.457,
MMR,Myanmar,2014,,,29.65,
MMR,Myanmar,2015,,,29.858,
MMR,Myanmar,2016,,,30.082,
MMR,Myanmar,2017,,,30.322,
MMR,Myanmar,2018,,,30.579,
MMR,Myanmar,2019,,,30.852,
MMR,Myanmar,2020,,,31.141,
MMR,Myanmar,2021,,,31.448,
MMR,Myanmar,2022,,,31.771,
MMR,Myanmar,2023,,,32.112,
,,2024,,,32.112,
,,2025,,,32.112,
,,2026,,,32.112,
,,2027,,,32.112,
,,2028,,,32.112,
,,2029,,,32.112,
,,2030,,,32.112,
,,2031,,,32.112,
,,2032,,,32.112,
,,2033,,,32.112,
,,2034,,,32.112,
,,2035,,,32.112,
MYS,Malaysia,2000,,,61.977,
MYS,Malaysia,2001,,,62.922,
MYS,Malaysia,2002,,,63.856,
MYS,Malaysia,2003,,,64.78,
MYS,Malaysia,2004,,,65.694,
MYS,Malaysia,2005,,,66.594,
MYS,Malaysia,2006,,,67.483,
MYS,Malaysia,2007,,,68.36,
MYS,Malaysia,2008,,,69.225,
MYS,Malaysia,2009,,,70.075,
MYS,Malaysia,2010,,,70.912,
MYS,Malaysia,2011,,,71.609,
MYS,Malaysia,2012,,,72.275,
MYS,Malaysia,2013,,,72.93,
MYS,Malaysia,2014,,,73.577,
MYS,Malaysia,2015,,,74.213,
MYS,Malaysia,2016,,,74.84,
MYS,Malaysia,2017,,,75.447,
MYS,Malaysia,2018,,,76.036,
MYS,Malaysia,2019,,,76.607,
MYS,Malaysia,2020,,,77.16,
MYS,Malaysia,2021,,,77.696,
MYS,Malaysia,2022,,,78.214,
MYS,Malaysia,2023,,,78.716,
,,2024,,,78.716,
,,2025,,,78.716,
,,2026,,,78.716,
,,2027,,,78.716,
,,2028,,,78.716,
,,2029,,,78.716,
,,2030,,,78.716,
,,2031,,,78.716,
,,2032,,,78.716,
,,2033,,,78.716,
,,2034,,,78.716,
,,2035,,,78.716,
PHL,Philippines,2000,,,46.135,
PHL,Philippines,2001,,,46.05,
PHL,Philippines,2002,,,45.965,
PHL,Philippines,2003,,,45.88,
PHL,Philippines,2004,,,45.795,
PHL,Philippines,2005,,,45.71,
PHL,Philippines,2006,,,45.625,
PHL,Philippines,2007,,,45.54,
PHL,Philippines,2008,,,45.455,
PHL,Philippines,2009,,,45.371,
PHL,Philippines,2010,,,45.332,
PHL,Philippines,2011,,,45.522,
PHL,Philippines,2012,,,45.712,
PHL,Philippines,2013,,,45.903,
PHL,Philippines,2014,,,46.093,
PHL,Philippines,2015,,,46.284,
PHL,Philippines,2016,,,46.475,
PHL,Philippines,2017,,,46.682,
PHL,Philippines,2018,,,46.907,
PHL,Philippines,2019,,,47.149,
PHL,Philippines,2020,,,47.408,
PHL,Philippines,2021,,,47.684,
PHL,Philippines,2022,,,47.977,
PHL,Philippines,2023,,,48.287,
,,2024,,,48.287,
,,2025,,,48.287,
,,2026,,,48.287,
,,2027,,,48.287,
,,2028,,,48.287,
,,2029,,,48.287,
,,2030,,,48.287,
,,2031,,,48.287,
,,2032,,,48.287,
,,2033,,,48.287,
,,2034,,,48.287,
,,2035,,,48.287,
SGP,Singapore,2000,,,100.0,
SGP,Singapore,2001,,,100.0,
SGP,Singapore,2002,,,100.0,
SGP,Singapore,2003,,,100.0,
SGP,Singapore,2004,,,100.0,
SGP,Singapore,2005,,,100.0,
SGP,Singapore,2006,,,100.0,
SGP,Singapore,2007,,,100.0,
SGP,Singapore,2008,,,100.0,
SGP,Singapore,2009,,,100.0,
SGP,Singapore,2010,,,100.0,
SGP,Singapore,2011,,,100.0,
SGP,Singapore,2012,,,100.0,
SGP,Singapore,2013,,,100.0,
SGP,Singapore,2014,,,100.0,
SGP,Singapore,2015,,,100.0,
SGP,Singapore,2016,,,100.0,
SGP,Singapore,2017,,,100.0,
SGP,Singapore,2018,,,100.0,
SGP,Singapore,2019,,,100.0,
SGP,Singapore,2020,,,100.0,
SGP,Singapore,2021,,,100.0,
SGP,Singapore,2022,,,100.0,
SGP,Singapore,2023,,,100.0,
,,2024,,,100.0,
,,2025,,,100.0,
,,2026,,,100.0,
,,2027,,,100.0,
,,2028,,,100.0,
,,2029,,,100.0,
,,2030,,,100.0,
,,2031,,,100.0,
,,2032,,,100.0,
,,2033,,,100.0,
,,2034,,,100.0,
,,2035,,,100.0,
THA,Thailand,2000,,,31.386,
THA,Thailand,2001,,,32.548,
THA,Thailand,2002,,,33.734,
THA,Thailand,2003,,,34.941,
THA,Thailand,2004,,,36.169,
THA,Thailand,2005,,,37.411,
THA,Thailand,2006,,,38.673,
THA,Thailand,2007,,,39.95,
THA,Thailand,2008,,,41.242,
THA,Thailand,2009,,,42.543,
THA,Thailand,2010,,,43.856,
THA,Thailand,2011,,,44.698,
THA,Thailand,2012,,,45.445,
THA,Thailand,2013,,,46.193,
THA,Thailand,2014,,,46.943,
THA,Thailand,2015,,,47.694,
THA,Thailand,2016,,,48.448,
THA,Thailand,2017,,,49.2,
THA,Thailand,2018,,,49.949,
THA,Thailand,2019,,,50.692,
THA,Thailand,2020,,,51.43,
THA,Thailand,2021,,,52.163,
THA,Thailand,2022,,,52.889,
THA,Thailand,2023,,,53.608,
,,2024,,,53.608,
,,2025,,,53.608,
,,2026,,,53.608,
,,2027,,,53.608,
,,2028,,,53.608,
,,2029,,,53.608,
,,2030,,,53.608,
,,2031,,,53.608,
,,2032,,,53.608,
,,2033,,,53.608,
,,2034,,,53.608,
,,2035,,,53.608,
VNM,Vietnam,2000,,,24.374,
VNM,Vietnam,2001,,,24.937,
VNM,Vietnam,2002,,,25.511,
VNM,Vietnam,2003,,,26.092,
VNM,Vietnam,2004,,,26.683,
VNM,Vietnam,2005,,,27.281,
VNM,Vietnam,2006,,,27.888,
VNM,Vietnam,2007,,,28.504,
VNM,Vietnam,2008,,,29.128,
VNM,Vietnam,2009,,,29.762,
VNM,Vietnam,2010,,,30.417,
VNM,Vietnam,2011,,,31.08,
VNM,Vietnam,2012,,,31.752,
VNM,Vietnam,2013,,,32.429,
VNM,Vietnam,2014,,,33.115,
VNM,Vietnam,2015,,,33.809,
VNM,Vietnam,2016,,,34.51,
VNM,Vietnam,2017,,,35.213,
VNM,Vietnam,2018,,,35.919,
VNM,Vietnam,2019,,,36.628,
VNM,Vietnam,2020,,,37.34,
VNM,Vietnam,2021,,,38.052,
VNM,Vietnam,2022,,,38.766,
VNM,Vietnam,2023,,,39.48,
,,2024,,,39.48,
,,2025,,,39.48,
,,2026,,,39.48,
,,2027,,,39.48,
,,2028,,,39.48,
,,2029,,,39.48,
,,2030,,,39.48,
,,2031,,,39.48,
,,2032,,,39.48,
,,2033,,,39.48,
,,2034,,,39.48,
,,2035,,,39.48,
BRN,Brunei Darussalam,2000,,,,6570999059.70575
BRN,Brunei Darussalam,2001,,,,6096155747.56182
BRN,Brunei Darussalam,2002,,,,6333082878.97992
BRN,Brunei Darussalam,2003,,,,7167725264.75135
BRN,Brunei Darussalam,2004,,,,8619178799.47025
BRN,Brunei Darussalam,2005,,,,10547202612.4295
BRN,Brunei Darussalam,2006,,,,12644616446.1918
BRN,Brunei Darussalam,2007,,,,13432029495.6785
BRN,Brunei Darussalam,2008,,,,15926456491.5178
BRN,Brunei Darussalam,2009,,,,11912904529.0722
BRN,Brunei Darussalam,2010,,,,13707121031.2552
BRN,Brunei Darussalam,2011,,,,18524791070.6802
BRN,Brunei Darussalam,2012,,,,19048443339.9457
BRN,Brunei Darussalam,2013,,,,18094148099.4922
BRN,Brunei Darussalam,2014,,,,17097797371.9718
BRN,Brunei Darussalam,2015,,,,12930296852.4882
BRN,Brunei Darussalam,2016,,,,11400266055.3232
BRN,Brunei Darussalam,2017,,,,12128168046.7827
BRN,Brunei Darussalam,2018,,,,13566908401.1864
BRN,Brunei Darussalam,2019,,,,13469235348.2211
BRN,Brunei Darussalam,2020,,,,12005799664.2691
BRN,Brunei Darussalam,2021,,,,14006496614.3195
BRN,Brunei Darussalam,2022,,,,16681536442.5498
BRN,Brunei Darussalam,2023,,,,15128292980.8638
,,2024,,,,15128292980.8638
,,2025,,,,15128292980.8638
,,2026,,,,15128292980.8638
,,2027,,,,15128292980.8638
,,2028,,,,15128292980.8638
,,2029,,,,15128292980.8638
,,2030,,,,15128292980.8638
,,2031,,,,15128292980.8638
,,2032,,,,15128292980.8638
,,2033,,,,15128292980.8638
,,2034,,,,15128292980.8638
,,2035,,,,15128292980.8638
IDN,Indonesia,2000,,,,165021012077.81
IDN,Indonesia,2001,,,,160446947784.909
IDN,Indonesia,2002,,,,195660611165.183
IDN,Indonesia,2003,,,,234772463823.808
IDN,Indonesia,2004,,,,256836875295.452
IDN,Indonesia,2005,,,,285868619196.085
IDN,Indonesia,2006,,,,364570515618.358
IDN,Indonesia,2007,,,,432216737774.861
IDN,Indonesia,2008,,,,510228634992.255
IDN,Indonesia,2009,,,,539580085612.401
IDN,Indonesia,2010,,,,755094157594.524
IDN,Indonesia,2011,,,,892969104529.572
IDN,Indonesia,2012,,,,917869913364.917
IDN,Indonesia,2013,,,,912524136718.018
IDN,Indonesia,2014,,,,890814755511.014
IDN,Indonesia,2015,,,,860854232717.718
IDN,Indonesia,2016,,,,931877364034.196
IDN,Indonesia,2017,,,,1015618744168.08
IDN,Indonesia,2018,,,,1042271532953.49
IDN,Indonesia,2019,,,,1119099871385.79
IDN,Indonesia,2020,,,,1059054842711.55
IDN,Indonesia,2021,,,,1186509691070.97
IDN,Indonesia,2022,,,,1319076267291.51
IDN,Indonesia,2023,,,,1371171152331.16
,,2024,,,,1371171152331.16
,,2025,,,,1371171152331.16
,,2026,,,,1371171152331.16
,,2027,,,,1371171152331.16
,,2028,,,,1371171152331.16
,,2029,,,,1371171152331.16
,,2030,,,,1371171152331.16
,,2031,,,,1371171152331.16
,,2032,,,,1371171152331.16
,,2033,,,,1371171152331.16
,,2034,,,,1371171152331.16
,,2035,,,,1371171152331.16
KHM,Cambodia,2000,,,,3694168979.32019
KHM,Cambodia,2001,,,,4145665969.92864
KHM,Cambodia,2002,,,,4501227626.62752
KHM,Cambodia,2003,,,,5046693484.31767
KHM,Cambodia,2004,,,,5883297159.87352
KHM,Cambodia,2005,,,,7066296463.3598
KHM,Cambodia,2006,,,,8350531016.65753
KHM,Cambodia,2007,,,,10127916459.8983
KHM,Cambodia,2008,,,,12174303999.0812
KHM,Cambodia,2009,,,,12502901169.7377
KHM,Cambodia,2010,,,,13808673288.0696
KHM,Cambodia,2011,,,,16032622023.8265
KHM,Cambodia,2012,,,,17826536699.8016
KHM,Cambodia,2013,,,,19807135252.8649
KHM,Cambodia,2014,,,,22041463967.9009
KHM,Cambodia,2015,,,,24174170369.0738
KHM,Cambodia,2016,,,,26556545153.3573
KHM,Cambodia,2017,,,,29355665909.7905
KHM,Cambodia,2018,,,,33145892168.8958
KHM,Cambodia,2019,,,,36685356407.7206
KHM,Cambodia,2020,,,,34818073901.4851
KHM,Cambodia,2021,,,,36790163687.4421
KHM,Cambodia,2022,,,,39994532959.6074
KHM,Cambodia,2023,,,,42335646895.7984
,,2024,,,,42335646895.7984
,,2025,,,,42335646895.7984
,,2026,,,,42335646895.7984
,,2027,,,,42335646895.7984
,,2028,,,,42335646895.7984
,,2029,,,,42335646895.7984
,,2030,,,,42335646895.7984
,,2031,,,,42335646895.7984
,,2032,,,,42335646895.7984
,,2033,,,,42335646895.7984
,,2034,,,,42335646895.7984
,,2035,,,,42335646895.7984
LAO,Lao PDR,2000,,,,1731198022.46763
LAO,Lao PDR,2001,,,,1768619058.34647
LAO,Lao PDR,2002,,,,1758176653.07746
LAO,Lao PDR,2003,,,,2023324407.28414
LAO,Lao PDR,2004,,,,2366398119.86321
LAO,Lao PDR,2005,,,,2735558734.7379
LAO,Lao PDR,2006,,,,3455030060.9785
LAO,Lao PDR,2007,,,,4223152739.04052
LAO,Lao PDR,2008,,,,5446433157.40114
LAO,Lao PDR,2009,,,,5836137329.63305
LAO,Lao PDR,2010,,,,7131771014.70456
LAO,Lao PDR,2011,,,,8750104617.17303
LAO,Lao PDR,2012,,,,10192846339.4029
LAO,Lao PDR,2013,,,,11983252626.5452
LAO,Lao PDR,2014,,,,13279245886.3854
LAO,Lao PDR,2015,,,,14426380125.6488
LAO,Lao PDR,2016,,,,15912501722.6143
LAO,Lao PDR,2017,,,,17071155481.4994
LAO,Lao PDR,2018,,,,18141641089.7963
LAO,Lao PDR,2019,,,,18740561512.5555
LAO,Lao PDR,2020,,,,18981805250.2424
LAO,Lao PDR,2021,,,,18827148530.9347
LAO,Lao PDR,2022,,,,15468785203.7532
LAO,Lao PDR,2023,,,,15843155731.2552
,,2024,,,,15843155731.2552
,,2025,,,,15843155731.2552
,,2026,,,,15843155731.2552
,,2027,,,,15843155731.2552
,,2028,,,,15843155731.2552
,,2029,,,,15843155731.2552
,,2030,,,,15843155731.2552
,,2031,,,,15843155731.2552
,,2032,,,,15843155731.2552
,,2033,,,,15843155731.2552
,,2034,,,,15843155731.2552
,,2035,,,,15843155731.2552
MMR,Myanmar,2000,,,,8905066163.58643
MMR,Myanmar,2001,,,,6477790688.22844
MMR,Myanmar,2002,,,,6777632512.0781
MMR,Myanmar,2003,,,,10467109977.6717
MMR,Myanmar,2004,,,,10567354056.4049
MMR,Myanmar,2005,,,,11986972418.5103
MMR,Myanmar,2006,,,,14502553709.8303
MMR,Myanmar,2007,,,,20182477480.5512
MMR,Myanmar,2008,,,,31862554101.9378
MMR,Myanmar,2009,,,,36906181380.8127
MMR,Myanmar,2010,,,,49540813342.4834
MMR,Myanmar,2011,,,,59977326085.9908
MMR,Myanmar,2012,,,,59937796648.2158
MMR,Myanmar,2013,,,,60269732854.827
MMR,Myanmar,2014,,,,65531374199.6742
MMR,Myanmar,2015,,,,59607290407.5944
MMR,Myanmar,2016,,,,63298361996.2153
MMR,Myanmar,2017,,,,66053040483.0016
MMR,Myanmar,2018,,,,67860515989.517
MMR,Myanmar,2019,,,,75065106227.6892
MMR,Myanmar,2020,,,,79006113643.1906
MMR,Myanmar,2021,,,,66345291160.1683
MMR,Myanmar,2022,,,,62253049891.6449
MMR,Myanmar,2023,,,,66757619000.0
,,2024,,,,66757619000.0
,,2025,,,,66757619000.0
,,2026,,,,66757619000.0
,,2027,,,,66757619000.0
,,2028,,,,66757619000.0
,,2029,,,,66757619000.0
,,2030,,,,66757619000.0
,,2031,,,,66757619000.0
,,2032,,,,66757619000.0
,,2033,,,,66757619000.0
,,2034,,,,66757619000.0
,,2035,,,,66757619000.0
MYS,Malaysia,2000,,,,93789736842.1053
MYS,Malaysia,2001,,,,92783947368.4211
MYS,Malaysia,2002,,,,100845526315.789
MYS,Malaysia,2003,,,,110202368421.053
MYS,Malaysia,2004,,,,124749473684.211
MYS,Malaysia,2005,,,,143534405818.501
MYS,Malaysia,2006,,,,162692258307.056
MYS,Malaysia,2007,,,,193549569477.733
MYS,Malaysia,2008,,,,230811614370.384
MYS,Malaysia,2009,,,,202257453036.641
MYS,Malaysia,2010,,,,255017638455.59
MYS,Malaysia,2011,,,,297951668674.835
MYS,Malaysia,2012,,,,314443047642.111
MYS,Malaysia,2013,,,,323276235524.415
MYS,Malaysia,2014,,,,338066095097.254
MYS,Malaysia,2015,,,,301355266964.947
MYS,Malaysia,2016,,,,301256033870.334
MYS,Malaysia,2017,,,,319109094160.343
MYS,Malaysia,2018,,,,358788845712.53
MYS,Malaysia,2019,,,,365177721021.516
MYS,Malaysia,2020,,,,337456163961.211
MYS,Malaysia,2021,,,,373784823672.946
MYS,Malaysia,2022,,,,407605841348.235
MYS,Malaysia,2023,,,,399705169318.477
,,2024,,,,399705169318.477
,,2025,,,,399705169318.477
,,2026,,,,399705169318.477
,,2027,,,,399705169318.477
,,2028,,,,399705169318.477
,,2029,,,,399705169318.477
,,2030,,,,399705169318.477
,,2031,,,,399705169318.477
,,2032,,,,399705169318.477
,,2033,,,,399705169318.477
,,2034,,,,399705169318.477
,,2035,,,,399705169318.477
PHL,Philippines,2000,,,,83669788254.7279
PHL,Philippines,2001,,,,78921234457.5487
PHL,Philippines,2002,,,,84307345887.543
PHL,Philippines,2003,,,,87039092974.2272
PHL,Philippines,2004,,,,95001999685.3314
PHL,Philippines,2005,,,,107419977318.166
PHL,Philippines,2006,,,,127652926368.069
PHL,Philippines,2007,,,,155980408673.403
PHL,Philippines,2008,,,,181624626327.361
PHL,Philippines,2009,,,,175974755881.372
PHL,Philippines,2010,,,,208368893151.144
PHL,Philippines,2011,,,,234216730295.938
PHL,Philippines,2012,,,,261920540972.102
PHL,Philippines,2013,,,,283902828581.65
PHL,Philippines,2014,,,,297483555344.802
PHL,Philippines,2015,,,,306445871246.718
PHL,Philippines,2016,,,,318627003012.52
PHL,Philippines,2017,,,,328480736798.792
PHL,Philippines,2018,,,,346841896583.515
PHL,Philippines,2019,,,,376823402244.928
PHL,Philippines,2020,,,,361751145451.597
PHL,Philippines,2021,,,,394087359848.11
PHL,Philippines,2022,,,,404353369604.631
PHL,Philippines,2023,,,,437146372729.942
,,2024,,,,437146372729.942
,,2025,,,,437146372729.942
,,2026,,,,437146372729.942
,,2027,,,,437146372729.942
,,2028,,,,437146372729.942
,,2029,,,,437146372729.942
,,2030,,,,437146372729.942
,,2031,,,,437146372729.942
,,2032,,,,437146372729.942
,,2033,,,,437146372729.942
,,2034,,,,437146372729.942
,,2035,,,,437146372729.942
SGP,Singapore,2000,,,,96076539925.7409
SGP,Singapore,2001,,,,89793790669.6515
SGP,Singapore,2002,,,,92538372869.6942
SGP,Singapore,2003,,,,97646401095.6369
SGP,Singapore,2004,,,,115033593101.049
SGP,Singapore,2005,,,,127807848728.398
SGP,Singapore,2006,,,,148627286361.351
SGP,Singapore,2007,,,,180941701357.97
SGP,Singapore,2008,,,,193617323539.203
SGP,Singapore,2009,,,,194150283771.566
SGP,Singapore,2010,,,,239807980591.24
SGP,Singapore,2011,,,,279356499090.458
SGP,Singapore,2012,,,,295092888076.589
SGP,Singapore,2013,,,,307576360584.992
SGP,Singapore,2014,,,,314863580758.455
SGP,Singapore,2015,,,,307998545269.398
SGP,Singapore,2016,,,,319053943915.005
SGP,Singapore,2017,,,,343257164581.712
SGP,Singapore,2018,,,,376892697588.005
SGP,Singapore,2019,,,,376901649222.451
SGP,Singapore,2020,,,,349488382610.662
SGP,Singapore,2021,,,,434111559282.849
SGP,Singapore,2022,,,,498474540987.78
SGP,Singapore,2023,,,,501427500080.059
,,2024,,,,501427500080.059
,,2025,,,,501427500080.059
,,2026,,,,501427500080.059
,,2027,,,,501427500080.059
,,2028,,,,501427500080.059
,,2029,,,,501427500080.059
,,2030,,,,501427500080.059
,,2031,,,,501427500080.059
,,2032,,,,501427500080.059
,,2033,,,,501427500080.059
,,2034,,,,501427500080.059
,,2035,,,,501427500080.059
THA,Thailand,2000,,,,126392224253.794
THA,Thailand,2001,,,,120296476180.402
THA,Thailand,2002,,,,134300904400.022
THA,Thailand,2003,,,,152280615245.887
THA,Thailand,2004,,,,172895685154.658
THA,Thailand,2005,,,,189318408468.595
THA,Thailand,2006,,,,221758296021.621
THA,Thailand,2007,,,,262942621455.053
THA,Thailand,2008,,,,291382982430.951
THA,Thailand,2009,,,,281710630187.319
THA,Thailand,2010,,,,341104766329.17
THA,Thailand,2011,,,,370818739623.622
THA,Thailand,2012,,,,397558325278.579
THA,Thailand,2013,,,,420333654592.547
THA,Thailand,2014,,,,407339040197.651
THA,Thailand,2015,,,,401296238228.084
THA,Thailand,2016,,,,413366349747.508
THA,Thailand,2017,,,,456356813536.764
THA,Thailand,2018,,,,506754208404.485
THA,Thailand,2019,,,,543976691793.886
THA,Thailand,2020,,,,500461898480.246
THA,Thailand,2021,,,,506256494297.34
THA,Thailand,2022,,,,495645210972.751
THA,Thailand,2023,,,,514968699239.005
,,2024,,,,514968699239.005
,,2025,,,,514968699239.005
,,2026,,,,514968699239.005
,,2027,,,,514968699239.005
,,2028,,,,514968699239.005
,,2029,,,,514968699239.005
,,2030,,,,514968699239.005
,,2031,,,,514968699239.005
,,2032,,,,514968699239.005
,,2033,,,,514968699239.005
,,2034,,,,514968699239.005
,,2035,,,,514968699239.005
VNM,Vietnam,2000,,,,31172518403.3162
VNM,Vietnam,2001,,,,32685198808.5549
VNM,Vietnam,2002,,,,35064105500.8344
VNM,Vietnam,2003,,,,39552513231.9169
VNM,Vietnam,2004,,,,45427854693.2554
VNM,Vietnam,2005,,,,57633255738.1992
VNM,Vietnam,2006,,,,66371664817.0436
VNM,Vietnam,2007,,,,77414425532.2452
VNM,Vietnam,2008,,,,99130304099.1274
VNM,Vietnam,2009,,,,106014659565.214
VNM,Vietnam,2010,,,,147201173196.979
VNM,Vietnam,2011,,,,172595049183.925
VNM,Vietnam,2012,,,,195590661129.249
VNM,Vietnam,2013,,,,213708811665.34
VNM,Vietnam,2014,,,,233451469642.519
VNM,Vietnam,2015,,,,239258328381.741
VNM,Vietnam,2016,,,,257096001177.982
VNM,Vietnam,2017,,,,281353605986.903
VNM,Vietnam,2018,,,,310106478394.659
VNM,Vietnam,2019,,,,334365270496.667
VNM,Vietnam,2020,,,,346615738537.796
VNM,Vietnam,2021,,,,366474752771.009
VNM,Vietnam,2022,,,,410324028883.325
VNM,Vietnam,2023,,,,429716969043.572
,,2024,,,,429716969043.572
,,2025,,,,429716969043.572
,,2026,,,,429716969043.572
,,2027,,,,429716969043.572
,,2028,,,,429716969043.572
,,2029,,,,429716969043.572
,,2030,,,,429716969043.572
,,2031,,,,429716969043.572
,,2032,,,,429716969043.572
,,2033,,,,429716969043.572
,,2034,,,,429716969043.572
,,2035,,,,429716969043.572
